Date,Low,Open,Volume,High,Close,Adjusted Close
28-08-2018,0.061000000685453415,0.061000000685453415,40400000.0,0.06400000303983688,0.06300000101327896,0.06300000101327896
29-08-2018,0.06199999898672104,0.06400000303983688,10920000.0,0.06400000303983688,0.06199999898672104,0.06199999898672104
30-08-2018,0.06199999898672104,0.06400000303983688,22510000.0,0.06400000303983688,0.06199999898672104,0.06199999898672104
31-08-2018,0.06199999898672104,0.06199999898672104,2400000.0,0.06199999898672104,0.06199999898672104,0.06199999898672104
04-09-2018,0.05999999865889549,0.06300000101327896,15010000.0,0.06300000101327896,0.06199999898672104,0.06199999898672104
05-09-2018,0.06199999898672104,0.06199999898672104,2580000.0,0.06300000101327896,0.06300000101327896,0.06300000101327896
06-09-2018,0.06199999898672104,0.06300000101327896,23030000.0,0.06300000101327896,0.06300000101327896,0.06300000101327896
07-09-2018,0.06199999898672104,0.06199999898672104,6100000.0,0.06300000101327896,0.06300000101327896,0.06300000101327896
10-09-2018,0.06199999898672104,0.06300000101327896,16030000.0,0.06300000101327896,0.06199999898672104,0.06199999898672104
11-09-2018,0.06199999898672104,0.06199999898672104,45930000.0,0.06499999761581421,0.06400000303983688,0.06400000303983688
12-09-2018,0.06199999898672104,0.06400000303983688,39020000.0,0.06400000303983688,0.06199999898672104,0.06199999898672104
13-09-2018,0.06199999898672104,0.06199999898672104,18650000.0,0.06199999898672104,0.06199999898672104,0.06199999898672104
14-09-2018,0.061000000685453415,0.06199999898672104,27320000.0,0.06300000101327896,0.061000000685453415,0.061000000685453415
17-09-2018,0.061000000685453415,0.061000000685453415,18200000.0,0.06199999898672104,0.061000000685453415,0.061000000685453415
18-09-2018,0.061000000685453415,0.061000000685453415,13000000.0,0.06199999898672104,0.061000000685453415,0.061000000685453415
19-09-2018,0.05999999865889549,0.061000000685453415,19600000.0,0.06199999898672104,0.061000000685453415,0.061000000685453415
20-09-2018,0.05999999865889549,0.061000000685453415,12310000.0,0.061000000685453415,0.05999999865889549,0.05999999865889549
21-09-2018,0.05900000035762787,0.05999999865889549,11750000.0,0.061000000685453415,0.05999999865889549,0.05999999865889549
24-09-2018,0.05999999865889549,0.05999999865889549,5750000.0,0.06300000101327896,0.05999999865889549,0.05999999865889549
25-09-2018,0.05999999865889549,0.061000000685453415,13750000.0,0.06300000101327896,0.05999999865889549,0.05999999865889549
26-09-2018,0.05999999865889549,0.05999999865889549,9830000.0,0.061000000685453415,0.061000000685453415,0.061000000685453415
27-09-2018,0.05999999865889549,0.06199999898672104,4810000.0,0.06199999898672104,0.061000000685453415,0.061000000685453415
28-09-2018,0.05999999865889549,0.061000000685453415,10430000.0,0.06199999898672104,0.05999999865889549,0.05999999865889549
01-10-2018,0.061000000685453415,0.06199999898672104,11730000.0,0.06300000101327896,0.06300000101327896,0.06300000101327896
02-10-2018,0.061000000685453415,0.06300000101327896,21360000.0,0.06400000303983688,0.06300000101327896,0.06300000101327896
03-10-2018,0.061000000685453415,0.06300000101327896,22040000.0,0.06400000303983688,0.061000000685453415,0.061000000685453415
04-10-2018,0.05999999865889549,0.061000000685453415,17810000.0,0.06300000101327896,0.05999999865889549,0.05999999865889549
05-10-2018,0.05900000035762787,0.05999999865889549,8320000.0,0.061000000685453415,0.061000000685453415,0.061000000685453415
08-10-2018,0.057999998331069946,0.06199999898672104,11910000.0,0.06199999898672104,0.05900000035762787,0.05900000035762787
09-10-2018,0.057999998331069946,0.05900000035762787,7730000.0,0.061000000685453415,0.057999998331069946,0.057999998331069946
10-10-2018,0.05700000002980232,0.057999998331069946,11620000.0,0.05900000035762787,0.05700000002980232,0.05700000002980232
11-10-2018,0.0560000017285347,0.057999998331069946,19170000.0,0.057999998331069946,0.0560000017285347,0.0560000017285347
12-10-2018,0.054999999701976776,0.0560000017285347,19030000.0,0.05700000002980232,0.05700000002980232,0.05700000002980232
15-10-2018,0.054999999701976776,0.05700000002980232,4920000.0,0.05700000002980232,0.0560000017285347,0.0560000017285347
16-10-2018,0.0560000017285347,0.0560000017285347,0.0,0.0560000017285347,0.0560000017285347,0.0560000017285347
17-10-2018,0.0560000017285347,0.0560000017285347,0.0,0.0560000017285347,0.0560000017285347,0.0560000017285347
18-10-2018,0.0560000017285347,0.0560000017285347,0.0,0.0560000017285347,0.0560000017285347,0.0560000017285347
19-10-2018,0.0560000017285347,0.0560000017285347,0.0,0.0560000017285347,0.0560000017285347,0.0560000017285347
22-10-2018,0.0560000017285347,0.0560000017285347,0.0,0.0560000017285347,0.0560000017285347,0.0560000017285347
23-10-2018,0.0560000017285347,0.0560000017285347,0.0,0.0560000017285347,0.0560000017285347,0.0560000017285347
24-10-2018,0.0560000017285347,0.0560000017285347,0.0,0.0560000017285347,0.0560000017285347,0.0560000017285347
25-10-2018,0.0560000017285347,0.0560000017285347,0.0,0.0560000017285347,0.0560000017285347,0.0560000017285347
26-10-2018,0.0560000017285347,0.0560000017285347,0.0,0.0560000017285347,0.0560000017285347,0.0560000017285347
29-10-2018,0.0560000017285347,0.0560000017285347,0.0,0.0560000017285347,0.0560000017285347,0.0560000017285347
30-10-2018,0.0560000017285347,0.0560000017285347,0.0,0.0560000017285347,0.0560000017285347,0.0560000017285347
31-10-2018,0.0560000017285347,0.0560000017285347,0.0,0.0560000017285347,0.0560000017285347,0.0560000017285347
01-11-2018,0.0560000017285347,0.0560000017285347,0.0,0.0560000017285347,0.0560000017285347,0.0560000017285347
02-11-2018,0.0560000017285347,0.0560000017285347,0.0,0.0560000017285347,0.0560000017285347,0.0560000017285347
05-11-2018,0.0560000017285347,0.0560000017285347,0.0,0.0560000017285347,0.0560000017285347,0.0560000017285347
06-11-2018,0.0560000017285347,0.0560000017285347,0.0,0.0560000017285347,0.0560000017285347,0.0560000017285347
07-11-2018,0.0560000017285347,0.0560000017285347,0.0,0.0560000017285347,0.0560000017285347,0.0560000017285347
08-11-2018,0.0560000017285347,0.0560000017285347,0.0,0.0560000017285347,0.0560000017285347,0.0560000017285347
09-11-2018,0.0560000017285347,0.0560000017285347,0.0,0.0560000017285347,0.0560000017285347,0.0560000017285347
12-11-2018,0.0560000017285347,0.0560000017285347,0.0,0.0560000017285347,0.0560000017285347,0.0560000017285347
13-11-2018,0.0560000017285347,0.0560000017285347,0.0,0.0560000017285347,0.0560000017285347,0.0560000017285347
14-11-2018,0.0560000017285347,0.0560000017285347,0.0,0.0560000017285347,0.0560000017285347,0.0560000017285347
15-11-2018,0.0560000017285347,0.0560000017285347,0.0,0.0560000017285347,0.0560000017285347,0.0560000017285347
16-11-2018,0.0560000017285347,0.0560000017285347,0.0,0.0560000017285347,0.0560000017285347,0.0560000017285347
19-11-2018,0.0560000017285347,0.0560000017285347,0.0,0.0560000017285347,0.0560000017285347,0.0560000017285347
20-11-2018,0.0560000017285347,0.0560000017285347,0.0,0.0560000017285347,0.0560000017285347,0.0560000017285347
21-11-2018,0.0560000017285347,0.0560000017285347,0.0,0.0560000017285347,0.0560000017285347,0.0560000017285347
23-11-2018,0.0560000017285347,0.0560000017285347,0.0,0.0560000017285347,0.0560000017285347,0.0560000017285347
26-11-2018,0.0560000017285347,0.0560000017285347,0.0,0.0560000017285347,0.0560000017285347,0.0560000017285347
27-11-2018,0.0560000017285347,0.0560000017285347,0.0,0.0560000017285347,0.0560000017285347,0.0560000017285347
28-11-2018,0.0560000017285347,0.0560000017285347,0.0,0.0560000017285347,0.0560000017285347,0.0560000017285347
29-11-2018,0.0560000017285347,0.0560000017285347,0.0,0.0560000017285347,0.0560000017285347,0.0560000017285347
30-11-2018,0.0560000017285347,0.0560000017285347,0.0,0.0560000017285347,0.0560000017285347,0.0560000017285347
03-12-2018,0.0560000017285347,0.0560000017285347,0.0,0.0560000017285347,0.0560000017285347,0.0560000017285347
04-12-2018,0.0560000017285347,0.0560000017285347,0.0,0.0560000017285347,0.0560000017285347,0.0560000017285347
06-12-2018,0.0560000017285347,0.0560000017285347,0.0,0.0560000017285347,0.0560000017285347,0.0560000017285347
07-12-2018,0.0560000017285347,0.0560000017285347,0.0,0.0560000017285347,0.0560000017285347,0.0560000017285347
10-12-2018,0.0560000017285347,0.0560000017285347,0.0,0.0560000017285347,0.0560000017285347,0.0560000017285347
11-12-2018,0.0560000017285347,0.0560000017285347,0.0,0.0560000017285347,0.0560000017285347,0.0560000017285347
12-12-2018,0.0560000017285347,0.0560000017285347,0.0,0.0560000017285347,0.0560000017285347,0.0560000017285347
13-12-2018,0.0560000017285347,0.0560000017285347,0.0,0.0560000017285347,0.0560000017285347,0.0560000017285347
14-12-2018,0.0560000017285347,0.0560000017285347,0.0,0.0560000017285347,0.0560000017285347,0.0560000017285347
17-12-2018,0.0560000017285347,0.0560000017285347,0.0,0.0560000017285347,0.0560000017285347,0.0560000017285347
18-12-2018,0.0560000017285347,0.0560000017285347,0.0,0.0560000017285347,0.0560000017285347,0.0560000017285347
19-12-2018,0.0560000017285347,0.0560000017285347,0.0,0.0560000017285347,0.0560000017285347,0.0560000017285347
20-12-2018,0.0560000017285347,0.0560000017285347,0.0,0.0560000017285347,0.0560000017285347,0.0560000017285347
21-12-2018,0.0560000017285347,0.0560000017285347,0.0,0.0560000017285347,0.0560000017285347,0.0560000017285347
24-12-2018,0.0560000017285347,0.0560000017285347,0.0,0.0560000017285347,0.0560000017285347,0.0560000017285347
26-12-2018,0.0560000017285347,0.0560000017285347,0.0,0.0560000017285347,0.0560000017285347,0.0560000017285347
27-12-2018,0.0560000017285347,0.0560000017285347,0.0,0.0560000017285347,0.0560000017285347,0.0560000017285347
28-12-2018,0.0560000017285347,0.0560000017285347,0.0,0.0560000017285347,0.0560000017285347,0.0560000017285347
31-12-2018,0.0560000017285347,0.0560000017285347,0.0,0.0560000017285347,0.0560000017285347,0.0560000017285347
02-01-2019,0.0560000017285347,0.0560000017285347,0.0,0.0560000017285347,0.0560000017285347,0.0560000017285347
03-01-2019,0.0560000017285347,0.0560000017285347,0.0,0.0560000017285347,0.0560000017285347,0.0560000017285347
04-01-2019,0.0560000017285347,0.0560000017285347,0.0,0.0560000017285347,0.0560000017285347,0.0560000017285347
07-01-2019,0.0560000017285347,0.0560000017285347,0.0,0.0560000017285347,0.0560000017285347,0.0560000017285347
08-01-2019,0.0560000017285347,0.0560000017285347,0.0,0.0560000017285347,0.0560000017285347,0.0560000017285347
09-01-2019,0.0560000017285347,0.0560000017285347,0.0,0.0560000017285347,0.0560000017285347,0.0560000017285347
10-01-2019,0.0560000017285347,0.0560000017285347,0.0,0.0560000017285347,0.0560000017285347,0.0560000017285347
11-01-2019,0.0560000017285347,0.0560000017285347,0.0,0.0560000017285347,0.0560000017285347,0.0560000017285347
14-01-2019,0.0560000017285347,0.0560000017285347,0.0,0.0560000017285347,0.0560000017285347,0.0560000017285347
15-01-2019,0.0560000017285347,0.0560000017285347,0.0,0.0560000017285347,0.0560000017285347,0.0560000017285347
16-01-2019,0.0560000017285347,0.0560000017285347,0.0,0.0560000017285347,0.0560000017285347,0.0560000017285347
17-01-2019,0.0560000017285347,0.0560000017285347,0.0,0.0560000017285347,0.0560000017285347,0.0560000017285347
18-01-2019,0.0560000017285347,0.061000000685453415,246570000.0,0.06499999761581421,0.05700000002980232,0.05700000002980232
22-01-2019,0.052000001072883606,0.05400000140070915,45520000.0,0.05400000140070915,0.05299999937415123,0.05299999937415123
23-01-2019,0.05299999937415123,0.05299999937415123,27450000.0,0.0560000017285347,0.054999999701976776,0.054999999701976776
24-01-2019,0.052000001072883606,0.054999999701976776,56170000.0,0.054999999701976776,0.05299999937415123,0.05299999937415123
25-01-2019,0.052000001072883606,0.05299999937415123,22040000.0,0.054999999701976776,0.05299999937415123,0.05299999937415123
28-01-2019,0.05299999937415123,0.05400000140070915,81940000.0,0.05999999865889549,0.057999998331069946,0.057999998331069946
29-01-2019,0.057999998331069946,0.05900000035762787,27320000.0,0.061000000685453415,0.057999998331069946,0.057999998331069946
30-01-2019,0.057999998331069946,0.057999998331069946,12240000.0,0.05999999865889549,0.057999998331069946,0.057999998331069946
31-01-2019,0.057999998331069946,0.05900000035762787,46410000.0,0.061000000685453415,0.061000000685453415,0.061000000685453415
01-02-2019,0.05999999865889549,0.061000000685453415,124270000.0,0.06300000101327896,0.06199999898672104,0.06199999898672104
04-02-2019,0.05999999865889549,0.06300000101327896,41250000.0,0.06300000101327896,0.05999999865889549,0.05999999865889549
05-02-2019,0.05999999865889549,0.05999999865889549,0.0,0.05999999865889549,0.05999999865889549,0.05999999865889549
06-02-2019,0.05999999865889549,0.061000000685453415,157320000.0,0.06700000166893005,0.06599999964237213,0.06599999964237213
07-02-2019,0.06300000101327896,0.06599999964237213,41770000.0,0.06599999964237213,0.06599999964237213,0.06599999964237213
08-02-2019,0.06499999761581421,0.06499999761581421,287960000.0,0.07000000029802322,0.06599999964237213,0.06599999964237213
11-02-2019,0.06499999761581421,0.06499999761581421,51020000.0,0.06800000369548798,0.06499999761581421,0.06499999761581421
12-02-2019,0.06499999761581421,0.06499999761581421,78200000.0,0.0689999982714653,0.06700000166893005,0.06700000166893005
13-02-2019,0.06599999964237213,0.06800000369548798,65120000.0,0.06800000369548798,0.06700000166893005,0.06700000166893005
14-02-2019,0.06599999964237213,0.06700000166893005,88800000.0,0.07000000029802322,0.06800000369548798,0.06800000369548798
15-02-2019,0.06700000166893005,0.06700000166893005,71280000.0,0.0689999982714653,0.06800000369548798,0.06800000369548798
19-02-2019,0.06599999964237213,0.06700000166893005,18540000.0,0.06800000369548798,0.06800000369548798,0.06800000369548798
20-02-2019,0.06499999761581421,0.06599999964237213,9370000.0,0.06700000166893005,0.06499999761581421,0.06499999761581421
21-02-2019,0.06599999964237213,0.06599999964237213,22670000.0,0.06800000369548798,0.06800000369548798,0.06800000369548798
22-02-2019,0.06800000369548798,0.06800000369548798,299340000.0,0.07199999690055847,0.07100000232458115,0.07100000232458115
25-02-2019,0.07100000232458115,0.07100000232458115,0.0,0.07100000232458115,0.07100000232458115,0.07100000232458115
26-02-2019,0.06800000369548798,0.07199999690055847,118640000.0,0.07199999690055847,0.06800000369548798,0.06800000369548798
27-02-2019,0.06599999964237213,0.06800000369548798,52520000.0,0.0689999982714653,0.06700000166893005,0.06700000166893005
28-02-2019,0.06400000303983688,0.06700000166893005,49300000.0,0.06700000166893005,0.06499999761581421,0.06499999761581421
01-03-2019,0.06400000303983688,0.06499999761581421,54900000.0,0.06599999964237213,0.06499999761581421,0.06499999761581421
04-03-2019,0.06499999761581421,0.06499999761581421,22820000.0,0.06800000369548798,0.06700000166893005,0.06700000166893005
05-03-2019,0.06800000369548798,0.06800000369548798,169090000.0,0.07100000232458115,0.0689999982714653,0.0689999982714653
06-03-2019,0.06499999761581421,0.06800000369548798,49760000.0,0.0689999982714653,0.06599999964237213,0.06599999964237213
07-03-2019,0.06700000166893005,0.06700000166893005,329850000.0,0.07500000298023224,0.07400000095367432,0.07400000095367432
08-03-2019,0.07100000232458115,0.07599999755620956,532300000.0,0.07800000160932541,0.07100000232458115,0.07100000232458115
11-03-2019,0.07100000232458115,0.07100000232458115,39610000.0,0.0729999989271164,0.07199999690055847,0.07199999690055847
12-03-2019,0.07199999690055847,0.0729999989271164,100620000.0,0.07400000095367432,0.07400000095367432,0.07400000095367432
13-03-2019,0.07699999958276749,0.07699999958276749,338850000.0,0.08100000023841858,0.07900000363588333,0.07900000363588333
14-03-2019,0.07400000095367432,0.07900000363588333,222500000.0,0.07999999821186066,0.07500000298023224,0.07500000298023224
15-03-2019,0.07400000095367432,0.07500000298023224,61940000.0,0.07800000160932541,0.07599999755620956,0.07599999755620956
18-03-2019,0.0729999989271164,0.07699999958276749,149400000.0,0.07699999958276749,0.07400000095367432,0.07400000095367432
19-03-2019,0.0729999989271164,0.07400000095367432,85260000.0,0.07599999755620956,0.07599999755620956,0.07599999755620956
20-03-2019,0.0729999989271164,0.07599999755620956,24110000.0,0.07599999755620956,0.07500000298023224,0.07500000298023224
21-03-2019,0.07199999690055847,0.07400000095367432,60760000.0,0.07500000298023224,0.0729999989271164,0.0729999989271164
22-03-2019,0.0729999989271164,0.0729999989271164,42260000.0,0.07500000298023224,0.0729999989271164,0.0729999989271164
25-03-2019,0.07199999690055847,0.07400000095367432,50240000.0,0.07500000298023224,0.0729999989271164,0.0729999989271164
26-03-2019,0.07199999690055847,0.0729999989271164,50190000.0,0.07400000095367432,0.0729999989271164,0.0729999989271164
27-03-2019,0.07199999690055847,0.07400000095367432,35110000.0,0.07400000095367432,0.0729999989271164,0.0729999989271164
28-03-2019,0.07199999690055847,0.0729999989271164,14720000.0,0.07400000095367432,0.0729999989271164,0.0729999989271164
29-03-2019,0.06599999964237213,0.07000000029802322,166180000.0,0.07000000029802322,0.06800000369548798,0.06800000369548798
01-04-2019,0.06700000166893005,0.06700000166893005,34760000.0,0.0689999982714653,0.06800000369548798,0.06800000369548798
02-04-2019,0.0689999982714653,0.0689999982714653,52330000.0,0.07100000232458115,0.0689999982714653,0.0689999982714653
03-04-2019,0.0689999982714653,0.07100000232458115,64060000.0,0.0729999989271164,0.07199999690055847,0.07199999690055847
04-04-2019,0.07100000232458115,0.07100000232458115,42260000.0,0.07400000095367432,0.07199999690055847,0.07199999690055847
05-04-2019,0.07000000029802322,0.07100000232458115,19760000.0,0.07199999690055847,0.07100000232458115,0.07100000232458115
08-04-2019,0.07100000232458115,0.07100000232458115,13380000.0,0.0729999989271164,0.07199999690055847,0.07199999690055847
09-04-2019,0.07199999690055847,0.07199999690055847,0.0,0.07199999690055847,0.07199999690055847,0.07199999690055847
10-04-2019,0.07000000029802322,0.07199999690055847,30390000.0,0.07199999690055847,0.07100000232458115,0.07100000232458115
11-04-2019,0.07000000029802322,0.07000000029802322,30470000.0,0.07199999690055847,0.07100000232458115,0.07100000232458115
12-04-2019,0.07100000232458115,0.07199999690055847,11340000.0,0.07199999690055847,0.07199999690055847,0.07199999690055847
15-04-2019,0.07199999690055847,0.07199999690055847,100860000.0,0.07599999755620956,0.07400000095367432,0.07400000095367432
16-04-2019,0.07199999690055847,0.07400000095367432,28990000.0,0.07500000298023224,0.0729999989271164,0.0729999989271164
17-04-2019,0.0729999989271164,0.0729999989271164,26200000.0,0.07500000298023224,0.0729999989271164,0.0729999989271164
18-04-2019,0.0729999989271164,0.0729999989271164,0.0,0.0729999989271164,0.0729999989271164,0.0729999989271164
22-04-2019,0.0729999989271164,0.0729999989271164,13960000.0,0.07400000095367432,0.0729999989271164,0.0729999989271164
23-04-2019,0.07100000232458115,0.0729999989271164,17290000.0,0.0729999989271164,0.07199999690055847,0.07199999690055847
24-04-2019,0.07000000029802322,0.07199999690055847,18480000.0,0.07199999690055847,0.07100000232458115,0.07100000232458115
25-04-2019,0.07000000029802322,0.07000000029802322,7990000.0,0.07100000232458115,0.07000000029802322,0.07000000029802322
26-04-2019,0.0689999982714653,0.07000000029802322,21710000.0,0.07100000232458115,0.07000000029802322,0.07000000029802322
29-04-2019,0.06800000369548798,0.0689999982714653,16960000.0,0.07000000029802322,0.06800000369548798,0.06800000369548798
30-04-2019,0.06800000369548798,0.0689999982714653,8230000.0,0.0689999982714653,0.0689999982714653,0.0689999982714653
01-05-2019,0.0689999982714653,0.0689999982714653,0.0,0.0689999982714653,0.0689999982714653,0.0689999982714653
02-05-2019,0.07000000029802322,0.07000000029802322,24630000.0,0.0729999989271164,0.07000000029802322,0.07000000029802322
03-05-2019,0.07000000029802322,0.07000000029802322,9700000.0,0.07100000232458115,0.07000000029802322,0.07000000029802322
06-05-2019,0.0689999982714653,0.07000000029802322,77480000.0,0.07400000095367432,0.07100000232458115,0.07100000232458115
07-05-2019,0.0689999982714653,0.07100000232458115,13500000.0,0.07100000232458115,0.07000000029802322,0.07000000029802322
08-05-2019,0.06800000369548798,0.0689999982714653,25690000.0,0.07000000029802322,0.07000000029802322,0.07000000029802322
09-05-2019,0.06700000166893005,0.06800000369548798,22190000.0,0.06800000369548798,0.06700000166893005,0.06700000166893005
10-05-2019,0.06599999964237213,0.06700000166893005,26030000.0,0.06800000369548798,0.06700000166893005,0.06700000166893005
13-05-2019,0.06700000166893005,0.06700000166893005,0.0,0.06700000166893005,0.06700000166893005,0.06700000166893005
14-05-2019,0.06499999761581421,0.06599999964237213,13290000.0,0.06700000166893005,0.06499999761581421,0.06499999761581421
15-05-2019,0.06499999761581421,0.06599999964237213,5690000.0,0.06599999964237213,0.06599999964237213,0.06599999964237213
16-05-2019,0.06499999761581421,0.06499999761581421,3810000.0,0.06599999964237213,0.06599999964237213,0.06599999964237213
17-05-2019,0.06499999761581421,0.06499999761581421,1830000.0,0.06700000166893005,0.06599999964237213,0.06599999964237213
20-05-2019,0.06300000101327896,0.06599999964237213,20180000.0,0.06599999964237213,0.06300000101327896,0.06300000101327896
21-05-2019,0.061000000685453415,0.06199999898672104,24750000.0,0.06499999761581421,0.061000000685453415,0.061000000685453415
22-05-2019,0.05999999865889549,0.06199999898672104,39990000.0,0.06199999898672104,0.061000000685453415,0.061000000685453415
23-05-2019,0.05999999865889549,0.061000000685453415,26850000.0,0.06300000101327896,0.05999999865889549,0.05999999865889549
24-05-2019,0.057999998331069946,0.05999999865889549,66640000.0,0.061000000685453415,0.061000000685453415,0.061000000685453415
28-05-2019,0.05900000035762787,0.06199999898672104,13180000.0,0.06199999898672104,0.05999999865889549,0.05999999865889549
29-05-2019,0.05999999865889549,0.05999999865889549,2350000.0,0.061000000685453415,0.061000000685453415,0.061000000685453415
30-05-2019,0.057999998331069946,0.05999999865889549,29790000.0,0.061000000685453415,0.05900000035762787,0.05900000035762787
31-05-2019,0.057999998331069946,0.05900000035762787,9410000.0,0.05900000035762787,0.05900000035762787,0.05900000035762787
03-06-2019,0.057999998331069946,0.057999998331069946,21240000.0,0.05999999865889549,0.05999999865889549,0.05999999865889549
04-06-2019,0.057999998331069946,0.05900000035762787,14300000.0,0.05999999865889549,0.05999999865889549,0.05999999865889549
05-06-2019,,,,,,
06-06-2019,0.0560000017285347,0.05999999865889549,59740000.0,0.05999999865889549,0.05700000002980232,0.05700000002980232
07-06-2019,0.0560000017285347,0.05700000002980232,20140000.0,0.05900000035762787,0.057999998331069946,0.057999998331069946
10-06-2019,,,,,,
11-06-2019,,,,,,
12-06-2019,,,,,,
13-06-2019,,,,,,
14-06-2019,,,,,,
17-06-2019,,,,,,
18-06-2019,,,,,,
19-06-2019,,,,,,
20-06-2019,,,,,,
21-06-2019,,,,,,
24-06-2019,,,,,,
25-06-2019,,,,,,
26-06-2019,,,,,,
27-06-2019,,,,,,
28-06-2019,,,,,,
01-07-2019,,,,,,
02-07-2019,,,,,,
03-07-2019,,,,,,
05-07-2019,,,,,,
08-07-2019,,,,,,
09-07-2019,,,,,,
10-07-2019,,,,,,
11-07-2019,,,,,,
12-07-2019,,,,,,
15-07-2019,,,,,,
16-07-2019,,,,,,
17-07-2019,,,,,,
18-07-2019,,,,,,
19-07-2019,,,,,,
22-07-2019,,,,,,
23-07-2019,,,,,,
24-07-2019,,,,,,
25-07-2019,,,,,,
26-07-2019,,,,,,
29-07-2019,,,,,,
30-07-2019,,,,,,
31-07-2019,,,,,,
01-08-2019,,,,,,
02-08-2019,,,,,,
05-08-2019,,,,,,
06-08-2019,,,,,,
07-08-2019,,,,,,
08-08-2019,,,,,,
09-08-2019,,,,,,
12-08-2019,,,,,,
13-08-2019,,,,,,
14-08-2019,,,,,,
15-08-2019,,,,,,
16-08-2019,,,,,,
19-08-2019,,,,,,
20-08-2019,,,,,,
21-08-2019,,,,,,
22-08-2019,,,,,,
23-08-2019,,,,,,
26-08-2019,,,,,,
27-08-2019,,,,,,
28-08-2019,,,,,,
29-08-2019,,,,,,
30-08-2019,,,,,,
03-09-2019,,,,,,
04-09-2019,,,,,,
05-09-2019,,,,,,
06-09-2019,,,,,,
09-09-2019,,,,,,
10-09-2019,,,,,,
11-09-2019,,,,,,
12-09-2019,,,,,,
13-09-2019,,,,,,
16-09-2019,,,,,,
17-09-2019,,,,,,
18-09-2019,,,,,,
19-09-2019,,,,,,
20-09-2019,,,,,,
23-09-2019,,,,,,
24-09-2019,,,,,,
25-09-2019,,,,,,
26-09-2019,,,,,,
27-09-2019,,,,,,
30-09-2019,,,,,,
01-10-2019,,,,,,
02-10-2019,,,,,,
03-10-2019,,,,,,
04-10-2019,,,,,,
07-10-2019,,,,,,
08-10-2019,,,,,,
09-10-2019,,,,,,
10-10-2019,,,,,,
11-10-2019,,,,,,
14-10-2019,,,,,,
15-10-2019,,,,,,
16-10-2019,,,,,,
17-10-2019,,,,,,
18-10-2019,,,,,,
21-10-2019,,,,,,
22-10-2019,,,,,,
23-10-2019,,,,,,
24-10-2019,,,,,,
25-10-2019,,,,,,
28-10-2019,,,,,,
29-10-2019,,,,,,
30-10-2019,,,,,,
31-10-2019,,,,,,
01-11-2019,,,,,,
04-11-2019,,,,,,
05-11-2019,,,,,,
06-11-2019,,,,,,
07-11-2019,,,,,,
08-11-2019,,,,,,
11-11-2019,,,,,,
12-11-2019,,,,,,
13-11-2019,,,,,,
14-11-2019,,,,,,
15-11-2019,,,,,,
18-11-2019,,,,,,
19-11-2019,,,,,,
20-11-2019,,,,,,
21-11-2019,,,,,,
22-11-2019,,,,,,
25-11-2019,,,,,,
26-11-2019,,,,,,
27-11-2019,,,,,,
29-11-2019,,,,,,
02-12-2019,,,,,,
03-12-2019,,,,,,
04-12-2019,,,,,,
05-12-2019,,,,,,
06-12-2019,,,,,,
09-12-2019,,,,,,
10-12-2019,,,,,,
11-12-2019,,,,,,
12-12-2019,,,,,,
13-12-2019,,,,,,
16-12-2019,,,,,,
17-12-2019,,,,,,
18-12-2019,,,,,,
19-12-2019,,,,,,
20-12-2019,,,,,,
23-12-2019,,,,,,
24-12-2019,,,,,,
26-12-2019,,,,,,
27-12-2019,,,,,,
30-12-2019,,,,,,
31-12-2019,,,,,,
02-01-2020,,,,,,
03-01-2020,,,,,,
06-01-2020,,,,,,
07-01-2020,,,,,,
08-01-2020,,,,,,
09-01-2020,,,,,,
10-01-2020,,,,,,
13-01-2020,,,,,,
14-01-2020,,,,,,
15-01-2020,,,,,,
16-01-2020,,,,,,
17-01-2020,,,,,,
21-01-2020,,,,,,
22-01-2020,,,,,,
23-01-2020,,,,,,
24-01-2020,,,,,,
27-01-2020,,,,,,
28-01-2020,,,,,,
29-01-2020,,,,,,
30-01-2020,,,,,,
31-01-2020,,,,,,
03-02-2020,,,,,,
04-02-2020,,,,,,
05-02-2020,,,,,,
06-02-2020,,,,,,
07-02-2020,,,,,,
10-02-2020,,,,,,
11-02-2020,,,,,,
12-02-2020,,,,,,
13-02-2020,,,,,,
14-02-2020,,,,,,
18-02-2020,,,,,,
19-02-2020,,,,,,
20-02-2020,,,,,,
21-02-2020,,,,,,
24-02-2020,,,,,,
25-02-2020,,,,,,
26-02-2020,,,,,,
27-02-2020,,,,,,
28-02-2020,,,,,,
02-03-2020,,,,,,
03-03-2020,,,,,,
04-03-2020,,,,,,
05-03-2020,,,,,,
06-03-2020,,,,,,
09-03-2020,,,,,,
10-03-2020,,,,,,
11-03-2020,,,,,,
12-03-2020,,,,,,
13-03-2020,,,,,,
16-03-2020,,,,,,
17-03-2020,,,,,,
18-03-2020,,,,,,
19-03-2020,,,,,,
20-03-2020,,,,,,
23-03-2020,,,,,,
24-03-2020,,,,,,
25-03-2020,,,,,,
26-03-2020,,,,,,
27-03-2020,,,,,,
30-03-2020,,,,,,
31-03-2020,,,,,,
01-04-2020,,,,,,
02-04-2020,,,,,,
03-04-2020,,,,,,
06-04-2020,,,,,,
07-04-2020,,,,,,
08-04-2020,,,,,,
09-04-2020,,,,,,
13-04-2020,,,,,,
14-04-2020,,,,,,
15-04-2020,,,,,,
16-04-2020,,,,,,
17-04-2020,,,,,,
20-04-2020,,,,,,
21-04-2020,,,,,,
22-04-2020,,,,,,
23-04-2020,,,,,,
24-04-2020,,,,,,
27-04-2020,,,,,,
28-04-2020,,,,,,
29-04-2020,,,,,,
30-04-2020,,,,,,
01-05-2020,,,,,,
04-05-2020,,,,,,
05-05-2020,,,,,,
06-05-2020,,,,,,
07-05-2020,,,,,,
08-05-2020,,,,,,
11-05-2020,,,,,,
12-05-2020,,,,,,
13-05-2020,,,,,,
14-05-2020,,,,,,
15-05-2020,,,,,,
18-05-2020,,,,,,
19-05-2020,,,,,,
20-05-2020,,,,,,
21-05-2020,,,,,,
22-05-2020,,,,,,
26-05-2020,,,,,,
27-05-2020,,,,,,
28-05-2020,,,,,,
29-05-2020,,,,,,
01-06-2020,,,,,,
02-06-2020,,,,,,
03-06-2020,,,,,,
04-06-2020,,,,,,
05-06-2020,,,,,,
08-06-2020,,,,,,
09-06-2020,,,,,,
10-06-2020,,,,,,
11-06-2020,,,,,,
12-06-2020,,,,,,
15-06-2020,,,,,,
16-06-2020,,,,,,
17-06-2020,,,,,,
18-06-2020,,,,,,
19-06-2020,,,,,,
22-06-2020,,,,,,
23-06-2020,,,,,,
24-06-2020,,,,,,
25-06-2020,,,,,,
26-06-2020,,,,,,
29-06-2020,,,,,,
30-06-2020,,,,,,
01-07-2020,,,,,,
02-07-2020,,,,,,
06-07-2020,,,,,,
07-07-2020,,,,,,
08-07-2020,,,,,,
09-07-2020,,,,,,
10-07-2020,,,,,,
13-07-2020,,,,,,
14-07-2020,,,,,,
15-07-2020,,,,,,
16-07-2020,,,,,,
17-07-2020,,,,,,
20-07-2020,,,,,,
21-07-2020,,,,,,
22-07-2020,,,,,,
23-07-2020,,,,,,
24-07-2020,,,,,,
27-07-2020,,,,,,
28-07-2020,,,,,,
29-07-2020,,,,,,
30-07-2020,,,,,,
31-07-2020,,,,,,
03-08-2020,,,,,,
04-08-2020,,,,,,
05-08-2020,,,,,,
06-08-2020,,,,,,
07-08-2020,,,,,,
10-08-2020,,,,,,
11-08-2020,,,,,,
12-08-2020,,,,,,
13-08-2020,,,,,,
14-08-2020,,,,,,
17-08-2020,,,,,,
18-08-2020,,,,,,
19-08-2020,,,,,,
20-08-2020,,,,,,
21-08-2020,,,,,,
24-08-2020,,,,,,
25-08-2020,,,,,,
26-08-2020,,,,,,
27-08-2020,,,,,,
28-08-2020,,,,,,
31-08-2020,,,,,,
01-09-2020,,,,,,
02-09-2020,,,,,,
03-09-2020,,,,,,
04-09-2020,,,,,,
08-09-2020,,,,,,
09-09-2020,,,,,,
10-09-2020,,,,,,
11-09-2020,,,,,,
14-09-2020,,,,,,
15-09-2020,,,,,,
16-09-2020,,,,,,
17-09-2020,,,,,,
18-09-2020,,,,,,
21-09-2020,,,,,,
22-09-2020,,,,,,
23-09-2020,,,,,,
24-09-2020,,,,,,
25-09-2020,,,,,,
28-09-2020,,,,,,
29-09-2020,,,,,,
30-09-2020,,,,,,
01-10-2020,,,,,,
02-10-2020,,,,,,
05-10-2020,,,,,,
06-10-2020,,,,,,
07-10-2020,,,,,,
08-10-2020,,,,,,
09-10-2020,,,,,,
12-10-2020,,,,,,
13-10-2020,,,,,,
14-10-2020,,,,,,
15-10-2020,,,,,,
16-10-2020,,,,,,
19-10-2020,,,,,,
20-10-2020,,,,,,
21-10-2020,,,,,,
22-10-2020,,,,,,
23-10-2020,,,,,,
26-10-2020,,,,,,
27-10-2020,,,,,,
28-10-2020,,,,,,
29-10-2020,,,,,,
30-10-2020,,,,,,
02-11-2020,,,,,,
03-11-2020,,,,,,
04-11-2020,,,,,,
05-11-2020,,,,,,
06-11-2020,,,,,,
09-11-2020,,,,,,
10-11-2020,,,,,,
11-11-2020,,,,,,
12-11-2020,,,,,,
13-11-2020,,,,,,
16-11-2020,,,,,,
17-11-2020,,,,,,
18-11-2020,,,,,,
19-11-2020,,,,,,
20-11-2020,,,,,,
23-11-2020,,,,,,
24-11-2020,,,,,,
25-11-2020,,,,,,
27-11-2020,,,,,,
30-11-2020,,,,,,
01-12-2020,,,,,,
02-12-2020,,,,,,
03-12-2020,,,,,,
04-12-2020,,,,,,
07-12-2020,,,,,,
08-12-2020,,,,,,
09-12-2020,,,,,,
10-12-2020,,,,,,
11-12-2020,,,,,,
14-12-2020,,,,,,
15-12-2020,,,,,,
16-12-2020,,,,,,
17-12-2020,,,,,,
18-12-2020,,,,,,
21-12-2020,,,,,,
22-12-2020,,,,,,
23-12-2020,,,,,,
24-12-2020,,,,,,
28-12-2020,,,,,,
29-12-2020,,,,,,
30-12-2020,,,,,,
31-12-2020,,,,,,
04-01-2021,,,,,,
05-01-2021,,,,,,
06-01-2021,,,,,,
07-01-2021,,,,,,
08-01-2021,,,,,,
11-01-2021,,,,,,
12-01-2021,,,,,,
13-01-2021,,,,,,
14-01-2021,,,,,,
15-01-2021,,,,,,
19-01-2021,,,,,,
20-01-2021,,,,,,
21-01-2021,,,,,,
22-01-2021,,,,,,
25-01-2021,,,,,,
26-01-2021,,,,,,
27-01-2021,,,,,,
28-01-2021,,,,,,
29-01-2021,,,,,,
01-02-2021,,,,,,
02-02-2021,,,,,,
03-02-2021,,,,,,
04-02-2021,,,,,,
05-02-2021,,,,,,
08-02-2021,,,,,,
09-02-2021,,,,,,
10-02-2021,,,,,,
11-02-2021,,,,,,
12-02-2021,,,,,,
16-02-2021,,,,,,
17-02-2021,,,,,,
18-02-2021,,,,,,
19-02-2021,,,,,,
22-02-2021,,,,,,
23-02-2021,,,,,,
24-02-2021,,,,,,
25-02-2021,,,,,,
26-02-2021,,,,,,
01-03-2021,,,,,,
02-03-2021,,,,,,
03-03-2021,,,,,,
04-03-2021,,,,,,
05-03-2021,,,,,,
08-03-2021,,,,,,
09-03-2021,,,,,,
10-03-2021,,,,,,
11-03-2021,,,,,,
12-03-2021,,,,,,
15-03-2021,,,,,,
16-03-2021,,,,,,
17-03-2021,,,,,,
18-03-2021,,,,,,
19-03-2021,,,,,,
22-03-2021,,,,,,
23-03-2021,,,,,,
24-03-2021,,,,,,
25-03-2021,,,,,,
26-03-2021,,,,,,
29-03-2021,,,,,,
30-03-2021,,,,,,
31-03-2021,,,,,,
01-04-2021,,,,,,
05-04-2021,,,,,,
06-04-2021,,,,,,
07-04-2021,,,,,,
08-04-2021,,,,,,
09-04-2021,,,,,,
12-04-2021,,,,,,
13-04-2021,,,,,,
14-04-2021,,,,,,
15-04-2021,,,,,,
16-04-2021,,,,,,
19-04-2021,,,,,,
20-04-2021,,,,,,
21-04-2021,,,,,,
22-04-2021,,,,,,
23-04-2021,,,,,,
26-04-2021,,,,,,
27-04-2021,,,,,,
28-04-2021,,,,,,
29-04-2021,,,,,,
30-04-2021,,,,,,
03-05-2021,,,,,,
04-05-2021,,,,,,
05-05-2021,,,,,,
06-05-2021,,,,,,
07-05-2021,,,,,,
10-05-2021,,,,,,
11-05-2021,,,,,,
12-05-2021,,,,,,
13-05-2021,,,,,,
14-05-2021,,,,,,
17-05-2021,,,,,,
18-05-2021,,,,,,
19-05-2021,,,,,,
20-05-2021,,,,,,
21-05-2021,,,,,,
24-05-2021,,,,,,
25-05-2021,,,,,,
26-05-2021,,,,,,
27-05-2021,,,,,,
28-05-2021,,,,,,
01-06-2021,,,,,,
02-06-2021,,,,,,
03-06-2021,,,,,,
04-06-2021,,,,,,
07-06-2021,,,,,,
08-06-2021,,,,,,
09-06-2021,,,,,,
10-06-2021,,,,,,
11-06-2021,,,,,,
14-06-2021,,,,,,
15-06-2021,,,,,,
16-06-2021,,,,,,
17-06-2021,,,,,,
18-06-2021,,,,,,
21-06-2021,,,,,,
22-06-2021,,,,,,
23-06-2021,,,,,,
24-06-2021,,,,,,
25-06-2021,,,,,,
28-06-2021,,,,,,
29-06-2021,,,,,,
30-06-2021,,,,,,
01-07-2021,,,,,,
02-07-2021,,,,,,
06-07-2021,,,,,,
07-07-2021,,,,,,
08-07-2021,,,,,,
09-07-2021,,,,,,
12-07-2021,,,,,,
13-07-2021,,,,,,
14-07-2021,,,,,,
15-07-2021,,,,,,
16-07-2021,,,,,,
19-07-2021,,,,,,
20-07-2021,,,,,,
21-07-2021,,,,,,
22-07-2021,,,,,,
23-07-2021,,,,,,
26-07-2021,,,,,,
27-07-2021,,,,,,
28-07-2021,,,,,,
29-07-2021,,,,,,
30-07-2021,,,,,,
02-08-2021,,,,,,
03-08-2021,,,,,,
04-08-2021,,,,,,
05-08-2021,,,,,,
06-08-2021,,,,,,
09-08-2021,,,,,,
10-08-2021,,,,,,
11-08-2021,,,,,,
12-08-2021,,,,,,
13-08-2021,,,,,,
16-08-2021,,,,,,
17-08-2021,,,,,,
18-08-2021,,,,,,
19-08-2021,,,,,,
20-08-2021,,,,,,
23-08-2021,,,,,,
24-08-2021,,,,,,
25-08-2021,,,,,,
26-08-2021,,,,,,
27-08-2021,,,,,,
30-08-2021,,,,,,
31-08-2021,,,,,,
01-09-2021,,,,,,
02-09-2021,,,,,,
03-09-2021,,,,,,
07-09-2021,,,,,,
08-09-2021,,,,,,
09-09-2021,,,,,,
10-09-2021,,,,,,
13-09-2021,,,,,,
14-09-2021,,,,,,
15-09-2021,,,,,,
16-09-2021,,,,,,
17-09-2021,,,,,,
20-09-2021,,,,,,
21-09-2021,,,,,,
22-09-2021,,,,,,
23-09-2021,,,,,,
24-09-2021,,,,,,
27-09-2021,,,,,,
28-09-2021,,,,,,
29-09-2021,,,,,,
30-09-2021,,,,,,
01-10-2021,,,,,,
04-10-2021,,,,,,
05-10-2021,,,,,,
06-10-2021,,,,,,
07-10-2021,,,,,,
08-10-2021,,,,,,
11-10-2021,,,,,,
12-10-2021,,,,,,
13-10-2021,,,,,,
14-10-2021,,,,,,
15-10-2021,,,,,,
18-10-2021,,,,,,
19-10-2021,,,,,,
20-10-2021,,,,,,
21-10-2021,,,,,,
22-10-2021,,,,,,
25-10-2021,,,,,,
26-10-2021,,,,,,
27-10-2021,,,,,,
28-10-2021,,,,,,
29-10-2021,,,,,,
01-11-2021,,,,,,
02-11-2021,,,,,,
03-11-2021,,,,,,
04-11-2021,,,,,,
05-11-2021,,,,,,
08-11-2021,,,,,,
09-11-2021,,,,,,
10-11-2021,,,,,,
11-11-2021,,,,,,
12-11-2021,,,,,,
15-11-2021,,,,,,
16-11-2021,,,,,,
17-11-2021,,,,,,
18-11-2021,,,,,,
19-11-2021,,,,,,
22-11-2021,,,,,,
23-11-2021,,,,,,
24-11-2021,,,,,,
26-11-2021,,,,,,
29-11-2021,,,,,,
30-11-2021,,,,,,
01-12-2021,,,,,,
02-12-2021,,,,,,
03-12-2021,,,,,,
06-12-2021,,,,,,
07-12-2021,,,,,,
08-12-2021,,,,,,
09-12-2021,,,,,,
10-12-2021,,,,,,
13-12-2021,,,,,,
14-12-2021,,,,,,
15-12-2021,,,,,,
16-12-2021,,,,,,
17-12-2021,,,,,,
20-12-2021,,,,,,
21-12-2021,,,,,,
22-12-2021,,,,,,
23-12-2021,,,,,,
27-12-2021,,,,,,
28-12-2021,,,,,,
29-12-2021,,,,,,
30-12-2021,,,,,,
31-12-2021,,,,,,
03-01-2022,,,,,,
04-01-2022,,,,,,
05-01-2022,,,,,,
06-01-2022,,,,,,
07-01-2022,,,,,,
10-01-2022,,,,,,
11-01-2022,,,,,,
12-01-2022,,,,,,
13-01-2022,,,,,,
14-01-2022,,,,,,
18-01-2022,,,,,,
19-01-2022,,,,,,
20-01-2022,,,,,,
21-01-2022,,,,,,
24-01-2022,,,,,,
25-01-2022,,,,,,
26-01-2022,,,,,,
27-01-2022,,,,,,
28-01-2022,,,,,,
31-01-2022,,,,,,
01-02-2022,,,,,,
02-02-2022,,,,,,
03-02-2022,,,,,,
04-02-2022,,,,,,
07-02-2022,,,,,,
08-02-2022,,,,,,
09-02-2022,,,,,,
10-02-2022,,,,,,
11-02-2022,,,,,,
14-02-2022,,,,,,
15-02-2022,,,,,,
16-02-2022,,,,,,
17-02-2022,,,,,,
18-02-2022,,,,,,
22-02-2022,,,,,,
23-02-2022,,,,,,
24-02-2022,,,,,,
25-02-2022,,,,,,
28-02-2022,,,,,,
01-03-2022,,,,,,
02-03-2022,,,,,,
03-03-2022,,,,,,
04-03-2022,,,,,,
07-03-2022,,,,,,
08-03-2022,,,,,,
09-03-2022,,,,,,
10-03-2022,,,,,,
11-03-2022,,,,,,
14-03-2022,,,,,,
15-03-2022,,,,,,
16-03-2022,,,,,,
17-03-2022,,,,,,
18-03-2022,,,,,,
21-03-2022,,,,,,
22-03-2022,,,,,,
23-03-2022,,,,,,
24-03-2022,,,,,,
25-03-2022,,,,,,
28-03-2022,,,,,,
29-03-2022,,,,,,
30-03-2022,,,,,,
31-03-2022,,,,,,
01-04-2022,,,,,,
04-04-2022,,,,,,
05-04-2022,,,,,,
06-04-2022,,,,,,
07-04-2022,,,,,,
08-04-2022,,,,,,
11-04-2022,,,,,,
12-04-2022,,,,,,
13-04-2022,,,,,,
14-04-2022,,,,,,
18-04-2022,,,,,,
19-04-2022,,,,,,
20-04-2022,,,,,,
21-04-2022,,,,,,
22-04-2022,,,,,,
25-04-2022,,,,,,
26-04-2022,,,,,,
27-04-2022,,,,,,
28-04-2022,,,,,,
29-04-2022,,,,,,
02-05-2022,,,,,,
03-05-2022,,,,,,
04-05-2022,,,,,,
05-05-2022,,,,,,
06-05-2022,,,,,,
09-05-2022,,,,,,
10-05-2022,,,,,,
11-05-2022,,,,,,
12-05-2022,,,,,,
13-05-2022,,,,,,
16-05-2022,,,,,,
17-05-2022,,,,,,
18-05-2022,,,,,,
19-05-2022,,,,,,
20-05-2022,,,,,,
23-05-2022,,,,,,
24-05-2022,,,,,,
25-05-2022,,,,,,
26-05-2022,,,,,,
27-05-2022,,,,,,
31-05-2022,,,,,,
01-06-2022,,,,,,
02-06-2022,,,,,,
03-06-2022,,,,,,
06-06-2022,,,,,,
07-06-2022,,,,,,
08-06-2022,,,,,,
09-06-2022,,,,,,
10-06-2022,,,,,,
13-06-2022,,,,,,
14-06-2022,,,,,,
15-06-2022,,,,,,
16-06-2022,,,,,,
17-06-2022,,,,,,
21-06-2022,,,,,,
22-06-2022,,,,,,
23-06-2022,,,,,,
24-06-2022,,,,,,
27-06-2022,,,,,,
28-06-2022,,,,,,
29-06-2022,,,,,,
30-06-2022,,,,,,
01-07-2022,,,,,,
05-07-2022,,,,,,
06-07-2022,,,,,,
07-07-2022,,,,,,
08-07-2022,,,,,,
11-07-2022,,,,,,
12-07-2022,,,,,,
13-07-2022,,,,,,
14-07-2022,,,,,,
15-07-2022,,,,,,
18-07-2022,,,,,,
19-07-2022,,,,,,
20-07-2022,,,,,,
21-07-2022,,,,,,
22-07-2022,,,,,,
25-07-2022,,,,,,
26-07-2022,,,,,,
27-07-2022,,,,,,
28-07-2022,,,,,,
29-07-2022,,,,,,
01-08-2022,,,,,,
02-08-2022,,,,,,
03-08-2022,,,,,,
04-08-2022,,,,,,
05-08-2022,,,,,,
08-08-2022,,,,,,
09-08-2022,,,,,,
10-08-2022,,,,,,
11-08-2022,,,,,,
12-08-2022,,,,,,
15-08-2022,,,,,,
16-08-2022,,,,,,
17-08-2022,,,,,,
18-08-2022,,,,,,
19-08-2022,,,,,,
22-08-2022,,,,,,
23-08-2022,,,,,,
24-08-2022,,,,,,
25-08-2022,,,,,,
26-08-2022,,,,,,
29-08-2022,,,,,,
30-08-2022,,,,,,
31-08-2022,,,,,,
01-09-2022,,,,,,
02-09-2022,,,,,,
06-09-2022,,,,,,
07-09-2022,,,,,,
08-09-2022,,,,,,
09-09-2022,,,,,,
12-09-2022,,,,,,
13-09-2022,,,,,,
14-09-2022,,,,,,
15-09-2022,,,,,,
16-09-2022,,,,,,
19-09-2022,,,,,,
20-09-2022,,,,,,
21-09-2022,,,,,,
22-09-2022,,,,,,
23-09-2022,,,,,,
26-09-2022,,,,,,
27-09-2022,,,,,,
28-09-2022,,,,,,
29-09-2022,,,,,,
30-09-2022,,,,,,
03-10-2022,,,,,,
04-10-2022,,,,,,
05-10-2022,,,,,,
06-10-2022,,,,,,
07-10-2022,,,,,,
10-10-2022,,,,,,
11-10-2022,,,,,,
12-10-2022,,,,,,
13-10-2022,,,,,,
14-10-2022,,,,,,
17-10-2022,,,,,,
18-10-2022,,,,,,
19-10-2022,,,,,,
20-10-2022,,,,,,
21-10-2022,,,,,,
24-10-2022,,,,,,
25-10-2022,,,,,,
26-10-2022,,,,,,
27-10-2022,,,,,,
28-10-2022,,,,,,
31-10-2022,,,,,,
01-11-2022,,,,,,
02-11-2022,,,,,,
03-11-2022,,,,,,
04-11-2022,,,,,,
07-11-2022,,,,,,
08-11-2022,,,,,,
09-11-2022,,,,,,
10-11-2022,,,,,,
11-11-2022,,,,,,
14-11-2022,,,,,,
15-11-2022,,,,,,
16-11-2022,,,,,,
17-11-2022,,,,,,
18-11-2022,,,,,,
21-11-2022,,,,,,
22-11-2022,,,,,,
23-11-2022,,,,,,
25-11-2022,,,,,,
28-11-2022,,,,,,
29-11-2022,,,,,,
30-11-2022,,,,,,
01-12-2022,,,,,,
02-12-2022,,,,,,
05-12-2022,,,,,,
06-12-2022,,,,,,
07-12-2022,,,,,,
08-12-2022,,,,,,
09-12-2022,,,,,,
12-12-2022,,,,,,
