ticker,macro_feature,macro_group,best_lag,max_abs_spearman_corr,sector_prior_weight,normalized_max_abs_corr,composite_score,low_corr_flag,rank
AKAM,PPIITM,Prices,10,0.04362937014209163,1.0,0.9368430864333556,0.9557901605033488,True,1
AKAM,PPICRM,Prices,10,0.03635888023618823,1.0,0.7807255862002304,0.8465079103401612,True,2
AKAM,MCOILWTICO,Prices,50,0.03459176987302936,1.0,0.7427808457352982,0.8199465920147087,True,3
AKAM,IPNMAT,Output_Income,60,0.04657062722018102,0.05,1.0,0.715,True,4
AKAM,PPICMM,Prices,10,0.026424525725778157,1.0,0.5674075549991152,0.6971852884993806,True,5
AKAM,CPITRNSL,Prices,60,0.024835193275267745,1.0,0.5332801973623753,0.6732961381536626,True,6
AKAM,DTCTHFNM,Money_Credit,50,0.04293550703198539,0.05,0.9219439289273652,0.6603607502491556,True,7
AKAM,CUUR0000SAD,Prices,60,0.02266042852810738,1.0,0.48658199128328805,0.6406073938983017,True,8
AKAM,EXUSUK,Rates_FX,10,0.03898515050446595,0.05,0.8371188629293795,0.6009832040505656,True,9
AKAM,SP500,Stock_Market,10,0.019763731931731192,1.0,0.42438191434034905,0.5970673400382442,True,10
ATO,CPIAPPSL,Prices,30,0.031381292955581626,0.05,1.0,0.715,True,1
ATO,AAA,Rates_FX,30,0.012375902870882945,1.0,0.3943719874257669,0.5760603911980369,True,2
ATO,HOUSTMW,Housing,30,0.012307275723292656,1.0,0.39218510660835043,0.5745295746258452,True,3
ATO,AMBSL,Money_Credit,10,0.011941686313755178,1.0,0.38053519116175144,0.5663746338132261,True,4
ATO,DTCTHFNM,Money_Credit,10,0.011528629917361779,1.0,0.36737268708717247,0.5571608809610207,True,5
ATO,PERMITNE,Housing,10,0.011008220430805493,1.0,0.35078925672014155,0.545552479704099,True,6
ATO,IPCONGD,Output_Income,50,0.023694690363314362,0.05,0.7550578109338197,0.5435404676536738,True,7
ATO,HOUSTS,Housing,60,0.01069922634986882,1.0,0.34094281472127186,0.5386599703048902,True,8
ATO,GS10,Rates_FX,50,0.010380173893933491,1.0,0.33077585135277937,0.5315430959469456,True,9
ATO,HOUST,Housing,50,0.010294629983447434,1.0,0.3280498989642931,0.5296349292750051,True,10
BXP,AAA,Rates_FX,60,0.02419492341935622,1.0,1.0,1.0,True,1
BXP,PERMITMW,Housing,50,0.02258536297960955,1.0,0.9334752827339391,0.9534326979137573,True,2
BXP,BAA,Rates_FX,60,0.02243391518132832,1.0,0.9272157961608147,0.9490510573125703,True,3
BXP,GS10,Rates_FX,50,0.022007690853290893,1.0,0.9095995251501595,0.9367196676051117,True,4
BXP,HOUSTW,Housing,50,0.02036304532096469,1.0,0.8416247064735082,0.8891372945314557,True,5
BXP,EXUSUK,Rates_FX,50,0.020137860803092315,1.0,0.8323176087005836,0.8826223260904085,True,6
BXP,DTCOLNVHFNM,Money_Credit,50,0.01976345437365199,1.0,0.8168430224433361,0.8717901157103352,True,7
BXP,HOUSTMW,Housing,30,0.018806818111054238,1.0,0.7773043040925092,0.8441130128647563,True,8
BXP,PERMITNE,Housing,10,0.018717486182251986,1.0,0.7736121275456396,0.8415284892819477,True,9
BXP,DTCTHFNM,Money_Credit,50,0.018438974514508183,1.0,0.7621009661785823,0.8334706763250075,True,10
CAG,ANDENO,Consumption_Orders_Inventories,60,0.04320742407237177,1.0,1.0,1.0,True,1
CAG,ISRATIO,Consumption_Orders_Inventories,60,0.034119267152771915,1.0,0.7896621445338344,0.852763501173684,True,2
CAG,MCOILWTICO,Prices,60,0.03154196775125422,1.0,0.7300126871350144,0.81100888099451,True,3
CAG,PPICMM,Prices,60,0.027925570823653656,1.0,0.6463141791762165,0.7524199254233515,True,4
CAG,MANEMP,Labor_Market,10,0.024221433922418156,1.0,0.5605850022868206,0.6924095016007744,True,5
CAG,DMANEMP,Labor_Market,10,0.023478534211449853,1.0,0.5433912045328986,0.680373843173029,True,6
CAG,CES0600000007,Labor_Market,60,0.023118661397552018,1.0,0.5350622466830843,0.674543572678159,True,7
CAG,ACOGNO,Consumption_Orders_Inventories,60,0.02291719057428056,1.0,0.5303993715500054,0.6712795600850037,True,8
CAG,USGOOD,Labor_Market,10,0.021684764482601128,1.0,0.5018758916587919,0.6513131241611543,True,9
CAG,UNRATE,Labor_Market,60,0.020978728497465467,1.0,0.4855352742696815,0.639874691988777,True,10
CHRW,IPFINAL,Output_Income,60,0.023600665242211882,1.0,0.9599021532203754,0.9719315072542627,True,1
CHRW,IPFPNSS,Output_Income,60,0.02312997015983094,1.0,0.9407577257878984,0.9585304080515289,True,2
CHRW,IPB51222S,Output_Income,60,0.01820924177521714,1.0,0.7406185465178516,0.8184329825624961,True,3
CHRW,IPMANSICS,Output_Income,60,0.018137037030652912,1.0,0.7376817865126309,0.8163772505588416,True,4
CHRW,IPNCONGD,Output_Income,10,0.01807567557488821,1.0,0.7351860520530816,0.8146302364371572,True,5
CHRW,INDPRO,Output_Income,60,0.01784579288522094,1.0,0.725836108458906,0.8080852759212342,True,6
CHRW,MCOILWTICO,Prices,60,0.017333061797036087,1.0,0.7049819642845556,0.7934873749991889,True,7
CHRW,DMANEMP,Labor_Market,60,0.016929703454648674,1.0,0.6885763020965014,0.7820034114675509,True,8
CHRW,IPCONGD,Output_Income,60,0.016902434392334527,1.0,0.6874671964266819,0.7812270374986773,True,9
CHRW,IPBUSEQ,Output_Income,60,0.015495687886149424,1.0,0.6302510549974514,0.7411757384982159,True,10
CINF,DTCTHFNM,Money_Credit,60,0.02136712875282205,1.0,0.7514246797468541,0.8259972758227978,True,1
CINF,GS10,Rates_FX,10,0.021314339587843043,1.0,0.7495682262267145,0.8246977583587001,True,2
CINF,FEDFUNDS,Rates_FX,60,0.020840460721881733,1.0,0.7329031759425602,0.8130322231597922,True,3
CINF,GS5,Rates_FX,10,0.019811713758171985,1.0,0.6967249010471066,0.7877074307329746,True,4
CINF,AAA,Rates_FX,10,0.017231960290235177,1.0,0.6060018822505718,0.7242013175754003,True,5
CINF,HOUSTNE,Housing,30,0.028435489715376898,0.05,1.0,0.715,True,6
CINF,HOUSTMW,Housing,10,0.026825006158869964,0.05,0.9433636074979908,0.6753545252485935,True,7
CINF,MZMSL,Money_Credit,10,0.0149217547257641,1.0,0.5247581411511597,0.6673306988058118,True,8
CINF,INVEST,Money_Credit,10,0.014765172917264936,1.0,0.5192515783992444,0.6634761048794711,True,9
CINF,TB3MS,Rates_FX,60,0.014764259103135858,1.0,0.5192194420042596,0.6634536094029817,True,10
COO,PPIITM,Prices,60,0.03345843000640415,1.0,1.0,1.0,True,1
COO,IPMANSICS,Output_Income,60,0.022692882446270726,1.0,0.6782411022252738,0.7747687715576916,True,2
COO,IPCONGD,Output_Income,10,0.021752389996554725,1.0,0.6501318200642164,0.7550922740449515,True,3
COO,PPIFGS,Prices,10,0.021678165162786728,1.0,0.647913400558167,0.7535393803907169,True,4
COO,PPIFCG,Prices,50,0.021555355371463667,1.0,0.6442428819086202,0.7509700173360341,True,5
COO,MCOILWTICO,Prices,50,0.01949592393796675,1.0,0.5826909372088024,0.7078836560461617,True,6
COO,PPICMM,Prices,10,0.01928312862893196,1.0,0.5763309463486794,0.7034316624440755,True,7
COO,CPITRNSL,Prices,60,0.019260527574151694,1.0,0.5756554497764871,0.702958814843541,True,8
COO,EXSZUS,Rates_FX,60,0.032741009617245374,0.05,0.9785578585420338,0.6999905009794236,True,9
COO,PPICRM,Prices,30,0.01776154669999186,1.0,0.5308541583269804,0.6715979108288862,True,10
CPB,ANDENO,Consumption_Orders_Inventories,60,0.021418706864560547,1.0,0.9040020728784851,0.9328014510149396,True,1
CPB,PPICMM,Prices,10,0.01740480911381802,1.0,0.7345907302638953,0.8142135111847266,True,2
CPB,CUUR0000SA0L2,Prices,50,0.016257142895430118,1.0,0.6861521085041515,0.780306475952906,True,3
CPB,ISRATIO,Consumption_Orders_Inventories,50,0.01570034851111617,1.0,0.6626519373327657,0.7638563561329359,True,4
CPB,CES0600000007,Labor_Market,50,0.015166913413917134,1.0,0.6401376727385778,0.7480963709170044,True,5
CPB,AWHMAN,Labor_Market,60,0.014909254378450339,1.0,0.629262865793848,0.7404840060556936,True,6
CPB,CPITRNSL,Prices,50,0.014486401471664852,1.0,0.6114158544558639,0.7279910981191047,True,7
CPB,AWOTMAN,Labor_Market,50,0.014433344316969887,1.0,0.6091765139518559,0.7264235597662991,True,8
CPB,UMCSENT,Consumption_Orders_Inventories,60,0.014092861878790811,1.0,0.5948060464983848,0.7163642325488693,True,9
CPB,IPCONGD,Output_Income,60,0.02369320547723968,0.05,1.0,0.715,True,10
CPT,MZMSL,Money_Credit,10,0.022497139026441355,1.0,0.6668579452326452,0.7668005616628516,True,1
CPT,M2REAL,Money_Credit,10,0.022030473951946173,1.0,0.6530251057625268,0.7571175740337688,True,2
CPT,M2SL,Money_Credit,10,0.021634564172958833,1.0,0.6412895876860859,0.7489027113802601,True,3
CPT,INVEST,Money_Credit,10,0.021485821325777307,1.0,0.6368805670847132,0.7458163969592992,True,4
CPT,M1SL,Money_Credit,10,0.021377422744663303,1.0,0.6336674271835524,0.7435671990284867,True,5
CPT,CPF3M,Rates_FX,10,0.02083782754572495,1.0,0.617672800257946,0.7323709601805621,True,6
CPT,GS1,Rates_FX,50,0.020342579931584722,1.0,0.6029927200060188,0.7220949040042131,True,7
CPT,REALLN,Money_Credit,60,0.0202780218137694,1.0,0.6010790947337646,0.7207553663136352,True,8
CPT,IPFINAL,Output_Income,60,0.033736029070768336,0.05,1.0,0.715,True,9
CPT,PERMITNE,Housing,30,0.019841634969342378,1.0,0.5881437595314025,0.7117006316719817,True,10
DECK,PPIITM,Prices,60,0.04142349180600774,1.0,0.7478118920325187,0.8234683244227632,True,1
DECK,ANDENO,Consumption_Orders_Inventories,50,0.03285611693067302,1.0,0.5931463982281859,0.7152024787597302,True,2
DECK,IPCONGD,Output_Income,50,0.0553929300233787,0.05,1.0,0.715,True,3
DECK,PPICRM,Prices,30,0.03280744703285059,1.0,0.5922677680888904,0.7145874376622232,True,4
DECK,DMANEMP,Labor_Market,50,0.030383060394296457,1.0,0.5485006909992525,0.6839504836994768,True,5
DECK,IPFINAL,Output_Income,50,0.051446464374569165,0.05,0.9287550659056323,0.6651285461339426,True,6
DECK,MANEMP,Labor_Market,50,0.02622690394121909,1.0,0.47347024124107484,0.6314291688687523,True,7
DECK,CUUR0000SAD,Prices,60,0.025673468397799562,1.0,0.46347915495649034,0.6244354084695432,True,8
DECK,DTCTHFNM,Money_Credit,10,0.04702503330512891,0.05,0.8489356545191218,0.6092549581633853,True,9
DECK,PPIFGS,Prices,50,0.02444976504840992,1.0,0.441387827617908,0.6089714793325356,True,10
DPZ,USGOOD,Labor_Market,50,0.04114089433752834,1.0,1.0,1.0,True,1
DPZ,UEMPMEAN,Labor_Market,10,0.03917424902034011,1.0,0.9521973124586581,0.9665381187210607,True,2
DPZ,DMANEMP,Labor_Market,50,0.03903402704105381,1.0,0.9487889767492812,0.9641522837244967,True,3
DPZ,MANEMP,Labor_Market,50,0.03893065583938271,1.0,0.9462763623947408,0.9623934536763186,True,4
DPZ,NDMANEMP,Labor_Market,50,0.03822774019890455,1.0,0.9291907921416661,0.9504335544991662,True,5
DPZ,USCONS,Labor_Market,50,0.034987548745928194,1.0,0.8504323814373883,0.8953026670061717,True,6
DPZ,USFIRE,Labor_Market,60,0.025191120216214388,1.0,0.612313383601758,0.7286193685212305,True,7
DPZ,PPIFCG,Prices,10,0.02268823966310978,1.0,0.551476578923414,0.6860336052463898,True,8
DPZ,USGOVT,Labor_Market,50,0.022485751437554356,1.0,0.5465547553020271,0.682588328711419,True,9
DPZ,UNRATE,Labor_Market,50,0.021888052105232234,1.0,0.5320266478812581,0.6724186535168806,True,10
DVA,CUSR0000SAC,Prices,10,0.02408131878839728,1.0,0.7642158231819914,0.834951076227394,True,1
DVA,IPCONGD,Output_Income,60,0.023697873746514803,1.0,0.7520472716627756,0.826433090163943,True,2
DVA,IPFPNSS,Output_Income,60,0.02298633269110173,1.0,0.7294666589410056,0.8106266612587039,True,3
DVA,DNDGRG3M086SBEA,Prices,10,0.02188565334967825,1.0,0.6945368207391777,0.7861757745174243,True,4
DVA,IPNCONGD,Output_Income,60,0.021118678045701354,1.0,0.6701970132544077,0.7691379092780853,True,5
DVA,IPMANSICS,Output_Income,60,0.02030634039948885,1.0,0.6444176409344367,0.7510923486541057,True,6
DVA,IPFINAL,Output_Income,60,0.01915205789129172,1.0,0.6077867169830681,0.7254507018881476,True,7
DVA,AAA,Rates_FX,10,0.03151114915172663,0.05,1.0,0.715,True,8
DVA,CPITRNSL,Prices,30,0.017809823289671275,1.0,0.565191171033361,0.6956338197233527,True,9
DVA,BAA,Rates_FX,10,0.02978788253289141,0.05,0.9453124793850688,0.6767187355695481,True,10
ED,EXCAUS,Rates_FX,10,0.03654258739765699,1.0,1.0,1.0,True,1
ED,HOUSTNE,Housing,60,0.028331965059896217,1.0,0.7753136019512614,0.8427195213658829,True,2
ED,PERMITNE,Housing,60,0.02817529258284548,1.0,0.7710262077570348,0.8397183454299244,True,3
ED,EXJPUS,Rates_FX,10,0.02791440221891373,1.0,0.763886856591428,0.8347207996139996,True,4
ED,AMBSL,Money_Credit,10,0.026250793866222748,1.0,0.7183616633535335,0.8028531643474734,True,5
ED,DTCTHFNM,Money_Credit,10,0.02347765910828758,1.0,0.6424739127747945,0.7497317389423561,True,6
ED,M2REAL,Money_Credit,10,0.021062242002165967,1.0,0.5763752241450867,0.7034626569015606,True,7
ED,MZMSL,Money_Credit,10,0.021011238055079574,1.0,0.5749794842503888,0.702485638975272,True,8
ED,M2SL,Money_Credit,10,0.020978015328844905,1.0,0.5740703333500122,0.7018492333450086,True,9
ED,NONBORRES,Money_Credit,10,0.020970024825459656,1.0,0.5738516705799599,0.7016961694059719,True,10
EIX,HOUSTMW,Housing,50,0.03378107160815382,1.0,0.8438276135726294,0.8906793295008406,True,1
EIX,M2REAL,Money_Credit,10,0.033718835077917085,1.0,0.8422729884442178,0.8895910919109524,True,2
EIX,M1SL,Money_Credit,10,0.032618804180276344,1.0,0.8147949836615545,0.8703564885630881,True,3
EIX,M2SL,Money_Credit,10,0.032604277353340684,1.0,0.814432113654111,0.8701024795578776,True,4
EIX,INVEST,Money_Credit,10,0.03241514505201109,1.0,0.8097077206469356,0.866795404452855,True,5
EIX,MZMSL,Money_Credit,10,0.0323610315958161,1.0,0.8083560042439497,0.8658492029707647,True,6
EIX,NONBORRES,Money_Credit,60,0.031248498211024243,1.0,0.7805656960501091,0.8463959872350764,True,7
EIX,PERMITMW,Housing,10,0.0308960508467443,1.0,0.7717618066483731,0.8402332646538611,True,8
EIX,DTCOLNVHFNM,Money_Credit,60,0.030764886480527137,1.0,0.7684854122398523,0.8379397885678965,True,9
EIX,TOTRESNS,Money_Credit,60,0.03059236468788187,1.0,0.764175938157272,0.8349231567100903,True,10
EMN,IPFPNSS,Output_Income,60,0.059243960399392774,1.0,1.0,1.0,True,1
EMN,IPMANSICS,Output_Income,60,0.055851619453841095,1.0,0.9427394636907757,0.959917624583543,True,2
EMN,IPFINAL,Output_Income,60,0.055038094615501826,1.0,0.9290076869348853,0.9503053808544197,True,3
EMN,DMANEMP,Labor_Market,50,0.049333007154500265,1.0,0.8327094748886151,0.8828966324220306,True,4
EMN,INDPRO,Output_Income,50,0.04885041000396446,1.0,0.8245635449527637,0.8771944814669346,True,5
EMN,CUMFNS,Output_Income,50,0.04645439855589646,1.0,0.78412041063299,0.8488842874430929,True,6
EMN,IPCONGD,Output_Income,60,0.045562969994789454,1.0,0.7690736690732184,0.8383515683512528,True,7
EMN,MANEMP,Labor_Market,50,0.04374049755607557,1.0,0.7383115048555041,0.8168180533988529,True,8
EMN,IPBUSEQ,Output_Income,60,0.04100539689187221,1.0,0.6921447623594809,0.7845013336516365,True,9
EMN,IPDMAT,Output_Income,50,0.04050738031760329,1.0,0.6837385624546882,0.7786169937182816,True,10
ESS,GS10,Rates_FX,30,0.021668386502373092,1.0,0.9764896786256292,0.9835427750379404,True,1
ESS,GS5,Rates_FX,30,0.02058747128910032,1.0,0.9277780429385565,0.9494446300569894,True,2
ESS,AAA,Rates_FX,30,0.018151854129659348,1.0,0.818016523915573,0.8726115667409011,True,3
ESS,CPF3M,Rates_FX,50,0.016391537664910104,1.0,0.7386875504013642,0.817081285280955,True,4
ESS,GS1,Rates_FX,50,0.016230698284263507,1.0,0.7314392952024485,0.8120075066417138,True,5
ESS,EXUSUK,Rates_FX,30,0.015613727011890559,1.0,0.7036353754498299,0.792544762814881,True,6
ESS,TB6MS,Rates_FX,50,0.015264990602024117,1.0,0.6879195073228588,0.7815436551260011,True,7
ESS,TB3MS,Rates_FX,50,0.014298034560757757,1.0,0.6443434619224369,0.7510404233457058,True,8
ESS,FEDFUNDS,Rates_FX,60,0.014061309061889694,1.0,0.6336753853544446,0.7435727697481112,True,9
ESS,IPBUSEQ,Output_Income,50,0.022190082472628377,0.05,1.0,0.715,True,10
ETR,HOUSTS,Housing,30,0.043835185485994875,1.0,0.9428463243438688,0.9599924270407081,True,1
ETR,EXCAUS,Rates_FX,10,0.040831475878383365,1.0,0.8782398550992548,0.9147678985694783,True,2
ETR,M2REAL,Money_Credit,10,0.040284416369988016,1.0,0.8664732105426187,0.906531247379833,True,3
ETR,MZMSL,Money_Credit,10,0.03956076825014007,1.0,0.850908340396581,0.8956358382776066,True,4
ETR,PERMITS,Housing,30,0.03896132511284868,1.0,0.8380149819590099,0.886610487371307,True,5
ETR,HOUST,Housing,30,0.03894979878931615,1.0,0.8377670634968121,0.8864369444477684,True,6
ETR,HOUSTNE,Housing,60,0.03892786335048046,1.0,0.8372952564849379,0.8861066795394565,True,7
ETR,INVEST,Money_Credit,10,0.038840894841667424,1.0,0.8354246601144893,0.8847972620801425,True,8
ETR,M2SL,Money_Credit,10,0.03882307289112869,1.0,0.835041329683198,0.8845289307782385,True,9
ETR,M1SL,Money_Credit,60,0.03846078980142541,1.0,0.8272490213876665,0.8790743149713665,True,10
EXPD,PPICRM,Prices,60,0.04323369536964324,1.0,0.88918950381272,0.922432652668904,True,1
EXPD,IPB51222S,Output_Income,50,0.03959637900095482,1.0,0.8143806421266819,0.8700664494886774,True,2
EXPD,CPIMEDSL,Prices,60,0.03846963953106309,1.0,0.7912069369508178,0.8538448558655725,True,3
EXPD,CES2000000008,Labor_Market,60,0.0383618699705894,1.0,0.7889904351879128,0.8522933046315389,True,4
EXPD,CES0600000008,Labor_Market,60,0.03809109689320184,1.0,0.7834214322084185,0.8483950025458928,True,5
EXPD,CUSR0000SAS,Prices,60,0.0380242309318284,1.0,0.7820461967466505,0.8474323377226554,True,6
EXPD,CES3000000008,Labor_Market,60,0.03784955071320704,1.0,0.7784535402412599,0.844917478168882,True,7
EXPD,DSERRG3M086SBEA,Prices,60,0.03711386087682362,1.0,0.7633225717922117,0.8343258002545482,True,8
EXPD,MCOILWTICO,Prices,60,0.036355319210852,1.0,0.7477216086587162,0.8234051260611013,True,9
EXPD,PCEPI,Prices,60,0.03633212944702358,1.0,0.7472446636644051,0.8230712645650835,True,10
EXR,FEDFUNDS,Rates_FX,60,0.037803794426712146,1.0,1.0,1.0,True,1
EXR,GS1,Rates_FX,60,0.036523604311760195,1.0,0.9661359359724121,0.9762951551806884,True,2
EXR,TB6MS,Rates_FX,60,0.03468868230954032,1.0,0.917597898189535,0.9423185287326745,True,3
EXR,CPF3M,Rates_FX,60,0.03456788657539466,1.0,0.9144025645999442,0.9400817952199609,True,4
EXR,TB3MS,Rates_FX,60,0.032545806017971544,1.0,0.8609137392561497,0.9026396174793048,True,5
EXR,EXSZUS,Rates_FX,50,0.029653474168270123,1.0,0.7844047037594986,0.849083292631649,True,6
EXR,NONBORRES,Money_Credit,10,0.022394109317386786,1.0,0.5923772906130057,0.7146641034291039,True,7
EXR,TOTRESNS,Money_Credit,50,0.020956410490144455,1.0,0.5543467476729442,0.6880427233710609,True,8
EXR,GS5,Rates_FX,50,0.02036086330230615,1.0,0.5385931124395061,0.6770151787076543,True,9
EXR,IPFPNSS,Output_Income,60,0.035728857091023004,0.05,0.9451129875411927,0.6765790912788349,True,10
FDS,REALLN,Money_Credit,50,0.029369924163707917,1.0,0.981464759972932,0.9870253319810525,True,1
FDS,EXCAUS,Rates_FX,60,0.020559150173785515,1.0,0.6870321243626393,0.7809224870538474,True,2
FDS,DTCTHFNM,Money_Credit,60,0.020508330140643755,1.0,0.6853338540044568,0.7797336978031197,True,3
FDS,PPIITM,Prices,30,0.029924583501620493,0.25,1.0,0.7749999999999999,True,4
FDS,EXUSUK,Rates_FX,10,0.018801079150258748,1.0,0.6282820661226788,0.7397974462858752,True,5
FDS,INVEST,Money_Credit,10,0.018757074344541137,1.0,0.6268115425407806,0.7387680797785464,True,6
FDS,BAA,Rates_FX,10,0.018371232881598122,1.0,0.6139177469455264,0.7297424228618684,True,7
FDS,M2REAL,Money_Credit,10,0.018076396933209456,1.0,0.604065113629086,0.7228455795403601,True,8
FDS,MZMSL,Money_Credit,10,0.017854885501760204,1.0,0.5966627906715332,0.7176639534700732,True,9
FDS,M2SL,Money_Credit,10,0.017809662535777242,1.0,0.5951515594131094,0.7166060915891765,True,10
FFIV,CPITRNSL,Prices,50,0.02792276459276992,1.0,0.9619254933538972,0.973347845347728,True,1
FFIV,PPIITM,Prices,50,0.02739385267560233,1.0,0.9437047382000925,0.9605933167400647,True,2
FFIV,PPIFCG,Prices,50,0.023174051947656284,1.0,0.798334680604303,0.8588342764230121,True,3
FFIV,PPIFGS,Prices,50,0.022839950058574657,1.0,0.786825035009664,0.8507775245067648,True,4
FFIV,DMANEMP,Labor_Market,50,0.02205072029205193,1.0,0.7596364581046204,0.8317455206732343,True,5
FFIV,MANEMP,Labor_Market,50,0.0200986120444129,1.0,0.6923872900306037,0.7846711030214226,True,6
FFIV,DNDGRG3M086SBEA,Prices,50,0.019898318817161278,1.0,0.6854872869596561,0.7798411008717592,True,7
FFIV,SRVPRD,Labor_Market,50,0.01883427862008993,1.0,0.64883162601621,0.7541821382113469,True,8
FFIV,UNRATE,Labor_Market,60,0.01867041822387108,1.0,0.6431867160378193,0.7502307012264735,True,9
FFIV,PAYEMS,Labor_Market,50,0.018192143293366225,1.0,0.6267103801450686,0.7386972661015481,True,10
FRT,FEDFUNDS,Rates_FX,60,0.019941230931353655,1.0,0.9606779774416574,0.9724745842091602,True,1
FRT,TB3MS,Rates_FX,60,0.019799570233415976,1.0,0.9538534081236337,0.9676973856865436,True,2
FRT,EXSZUS,Rates_FX,50,0.019571719833518013,1.0,0.9428766102475765,0.9600136271733035,True,3
FRT,GS1,Rates_FX,60,0.01942234915689555,1.0,0.9356806091581383,0.9549764264106968,True,4
FRT,TB6MS,Rates_FX,60,0.017907212634023714,1.0,0.8626882098749064,0.9038817469124345,True,5
FRT,PERMITNE,Housing,30,0.017384383906092992,1.0,0.8375006952913828,0.886250486703968,True,6
FRT,CPF3M,Rates_FX,10,0.01719554996335246,1.0,0.828403533194981,0.8798824732364867,True,7
FRT,NONBORRES,Money_Credit,10,0.014721688628532357,1.0,0.7092241248732315,0.7964568874112621,True,8
FRT,TOTRESNS,Money_Credit,10,0.01345088816312844,1.0,0.6480027276064944,0.7536019093245461,True,9
FRT,MZMSL,Money_Credit,10,0.012458019001541922,1.0,0.6001707988102922,0.7201195591672045,True,10
HBAN,GS10,Rates_FX,50,0.0403751183077369,1.0,1.0,1.0,True,1
HBAN,GS5,Rates_FX,50,0.04014998114203363,1.0,0.9944238636284038,0.9960967045398827,True,2
HBAN,BAA,Rates_FX,10,0.03869799870766476,1.0,0.9584615557708283,0.9709230890395797,True,3
HBAN,AAA,Rates_FX,50,0.037967540282665385,1.0,0.9403697592482309,0.9582588314737615,True,4
HBAN,CPF3M,Rates_FX,50,0.03787962135256878,1.0,0.93819220698878,0.956734544892146,True,5
HBAN,EXSZUS,Rates_FX,10,0.03450635142169317,1.0,0.8546439705436325,0.8982507793805428,True,6
HBAN,GS1,Rates_FX,60,0.033157225638418074,1.0,0.8212291883752649,0.8748604318626854,True,7
HBAN,FEDFUNDS,Rates_FX,60,0.032456735038234444,1.0,0.803879626824893,0.8627157387774251,True,8
HBAN,TOTRESNS,Money_Credit,60,0.032008282623385335,1.0,0.7927724788177707,0.8549407351724394,True,9
HBAN,INVEST,Money_Credit,10,0.03148440870134513,1.0,0.7797973113384518,0.8458581179369162,True,10
HOLX,PPICMM,Prices,30,0.04277855814969084,1.0,1.0,1.0,True,1
HOLX,MCOILWTICO,Prices,60,0.03708215501037684,1.0,0.8668397583812635,0.9067878308668844,True,2
HOLX,IPNMAT,Output_Income,60,0.036354904050531156,1.0,0.849839396721086,0.8948875777047602,True,3
HOLX,PPICRM,Prices,30,0.03363179249869403,1.0,0.7861834048031628,0.850328383362214,True,4
HOLX,DDURRG3M086SBEA,Prices,10,0.02838889430543498,1.0,0.6636243841154368,0.7645370688808057,True,5
HOLX,CES2000000008,Labor_Market,10,0.026569445125885483,1.0,0.6210925817769176,0.7347648072438423,True,6
HOLX,CPIMEDSL,Prices,10,0.026101841359013733,1.0,0.6101617840339103,0.7271132488237372,True,7
HOLX,CES0600000008,Labor_Market,10,0.02597164271617066,1.0,0.6071182349178442,0.7249827644424909,True,8
HOLX,IPCONGD,Output_Income,60,0.025811600264461148,1.0,0.6033770510483577,0.7223639357338504,True,9
HOLX,CES3000000008,Labor_Market,10,0.025737257442073197,1.0,0.6016391985913438,0.7211474390139407,True,10
HSIC,IPCONGD,Output_Income,60,0.035276815644676975,1.0,0.9771868712782884,0.9840308098948019,True,1
HSIC,NDMANEMP,Labor_Market,60,0.03508737604583777,1.0,0.9719392919403322,0.9803575043582324,True,2
HSIC,MANEMP,Labor_Market,60,0.03353667097085676,1.0,0.9289839227324341,0.9502887459127038,True,3
HSIC,DMANEMP,Labor_Market,60,0.03197241137846218,1.0,0.8856530860618129,0.919957160243269,True,4
HSIC,USGOOD,Labor_Market,60,0.030899085033597725,1.0,0.855921365847522,0.8991449560932654,True,5
HSIC,IPMANSICS,Output_Income,60,0.026732845393260953,1.0,0.7405142746819512,0.8183599922773659,True,6
HSIC,UEMPMEAN,Labor_Market,30,0.02584032170559099,1.0,0.7157908858511463,0.8010536200958023,True,7
HSIC,USCONS,Labor_Market,60,0.024673809348450825,1.0,0.6834778627012446,0.7784345038908711,True,8
HSIC,IPFPNSS,Output_Income,60,0.024156246627817974,1.0,0.6691410954385847,0.7683987668070092,True,9
HSIC,IPDCONGD,Output_Income,60,0.02295055302667993,1.0,0.635742730640482,0.7450199114483373,True,10
IEX,GS5,Rates_FX,50,0.03222754141211573,1.0,0.7824350852940859,0.8477045597058601,True,1
IEX,DTCTHFNM,Money_Credit,50,0.027093879830594816,1.0,0.6577976863053373,0.7604583804137361,True,2
IEX,GS10,Rates_FX,10,0.025644238016534496,1.0,0.6226026150485597,0.7358218305339919,True,3
IEX,IPMANSICS,Output_Income,60,0.041188773379203326,0.05,1.0,0.715,True,4
IEX,AAA,Rates_FX,10,0.02425920969324413,1.0,0.5889762598633946,0.7122833819043762,True,5
IEX,FEDFUNDS,Rates_FX,60,0.023921144817424904,1.0,0.5807685651911877,0.7065379956338314,True,6
IEX,IPFPNSS,Output_Income,60,0.04068954611919762,0.05,0.9878795307787006,0.7065156715450904,True,7
IEX,IPCONGD,Output_Income,60,0.039862953999024696,0.05,0.9678111467905949,0.6924678027534164,True,8
IEX,EXJPUS,Rates_FX,10,0.021926036575690436,1.0,0.5323304089157735,0.6726312862410415,True,9
IEX,BAA,Rates_FX,10,0.02186168968191798,1.0,0.5307681654087857,0.67153771578615,True,10
IRM,HOUSTMW,Housing,10,0.035662057526763914,1.0,1.0,1.0,True,1
IRM,M2REAL,Money_Credit,10,0.026711295635413992,1.0,0.7490116243396082,0.8243081370377257,True,2
IRM,MZMSL,Money_Credit,10,0.02603902549733949,1.0,0.7301604927813695,0.8111123449469586,True,3
IRM,M2SL,Money_Credit,10,0.025035928917416947,1.0,0.7020326546954787,0.791422858286835,True,4
IRM,M1SL,Money_Credit,10,0.024817560104480763,1.0,0.6959093733123924,0.7871365613186747,True,5
IRM,HOUST,Housing,10,0.024741128986255467,1.0,0.693766167801383,0.7856363174609681,True,6
IRM,NONREVSL,Money_Credit,10,0.024513007197621804,1.0,0.6873694031597899,0.7811585822118529,True,7
IRM,INVEST,Money_Credit,10,0.024512386622945866,1.0,0.6873520016210404,0.7811464011347282,True,8
IRM,REALLN,Money_Credit,10,0.02430198228254437,1.0,0.6814520520669916,0.7770164364468941,True,9
IRM,DTCTHFNM,Money_Credit,50,0.024208147916650838,1.0,0.6788208419686087,0.775174589378026,True,10
IVZ,GS5,Rates_FX,10,0.04399514629805046,1.0,0.8948517877499037,0.9263962514249326,True,1
IVZ,GS1,Rates_FX,10,0.04162387459329957,1.0,0.8466206326615269,0.8926344428630688,True,2
IVZ,GS10,Rates_FX,10,0.035265121106013285,1.0,0.7172849580530029,0.8020994706371019,True,3
IVZ,EXJPUS,Rates_FX,30,0.03509481347023071,1.0,0.7138209374695721,0.7996746562287005,True,4
IVZ,FEDFUNDS,Rates_FX,60,0.03331664376844093,1.0,0.6776533492135964,0.7743573444495175,True,5
IVZ,TB6MS,Rates_FX,10,0.033152956653283876,1.0,0.6743239885919134,0.7720267920143393,True,6
IVZ,CPF3M,Rates_FX,10,0.030184049206888847,1.0,0.6139370514040646,0.7297559359828452,True,7
IVZ,DTCTHFNM,Money_Credit,60,0.03000964547129363,1.0,0.6103897170338057,0.7272728019236641,True,8
IVZ,CUMFNS,Output_Income,60,0.04916472973549713,0.05,1.0,0.715,True,9
IVZ,AAA,Rates_FX,10,0.02815764034319653,1.0,0.5727203321300188,0.7009042324910131,True,10
JBHT,IPFPNSS,Output_Income,60,0.037957057531449664,1.0,1.0,1.0,True,1
JBHT,IPFINAL,Output_Income,60,0.037283517415311454,1.0,0.982255207333178,0.9875786451332245,True,2
JBHT,IPMANSICS,Output_Income,60,0.036318250944060264,1.0,0.9568247199870129,0.969777303990909,True,3
JBHT,INDPRO,Output_Income,60,0.03613882180894129,1.0,0.9520975586423721,0.9664682910496605,True,4
JBHT,IPBUSEQ,Output_Income,60,0.033771198976185884,1.0,0.8897212052911228,0.9228048437037859,True,5
JBHT,DMANEMP,Labor_Market,60,0.032506209441498964,1.0,0.856394345493342,0.8994760418453394,True,6
JBHT,IPDMAT,Output_Income,60,0.03091842542981682,1.0,0.8145632838952039,0.8701942987266427,True,7
JBHT,MANEMP,Labor_Market,60,0.027967309403313125,1.0,0.7368144746241343,0.815770132236894,True,8
JBHT,IPMAT,Output_Income,60,0.027400850932410816,1.0,0.7218908080455813,0.8053235656319069,True,9
JBHT,UNRATE,Labor_Market,60,0.026259485390917818,1.0,0.6918208917843613,0.7842746242490529,True,10
JKHY,DTCTHFNM,Money_Credit,50,0.023159102859565964,1.0,0.6981614481184318,0.7887130136829023,True,1
JKHY,EXUSUK,Rates_FX,10,0.021423676654846183,1.0,0.6458447552164278,0.7520913286514994,True,2
JKHY,IPCONGD,Output_Income,60,0.0331715578423594,0.05,1.0,0.715,True,3
JKHY,M2REAL,Money_Credit,10,0.016065964254210304,1.0,0.48432950693965887,0.6390306548577611,True,4
JKHY,MZMSL,Money_Credit,10,0.015522309068060647,1.0,0.46794031024491034,0.6275582171714372,True,5
JKHY,INVEST,Money_Credit,10,0.014950788760178859,1.0,0.45071108300759416,0.6154977581053158,True,6
JKHY,M1SL,Money_Credit,10,0.014788136431498816,1.0,0.4458077158081092,0.6120654010656764,True,7
JKHY,M2SL,Money_Credit,10,0.01464768029315175,1.0,0.4415734817991262,0.6091014372593884,True,8
JKHY,EXCAUS,Rates_FX,10,0.013635823177559573,1.0,0.4110697255269364,0.5877488078688554,True,9
JKHY,NONREVSL,Money_Credit,10,0.012871679337237988,1.0,0.38803360995006136,0.5716235269650429,True,10
KIM,GS1,Rates_FX,60,0.029690152831308037,1.0,0.8836653290946407,0.9185657303662484,True,1
KIM,TB6MS,Rates_FX,60,0.025730891558870386,1.0,0.7658261945115755,0.8360783361581028,True,2
KIM,FEDFUNDS,Rates_FX,60,0.025662948074739834,1.0,0.7638039987483812,0.8346627991238669,True,3
KIM,CPF3M,Rates_FX,50,0.025341915934678348,1.0,0.7542491482459532,0.8279744037721672,True,4
KIM,TB3MS,Rates_FX,10,0.023479035849208574,1.0,0.6988044170199611,0.7891630919139727,True,5
KIM,EXSZUS,Rates_FX,30,0.020261573733219813,1.0,0.6030433835308826,0.7221303684716178,True,6
KIM,GS5,Rates_FX,10,0.019999423422792525,1.0,0.5952410275897669,0.7166687193128368,True,7
KIM,MANEMP,Labor_Market,50,0.0335988658304916,0.05,1.0,0.715,True,8
KIM,EXJPUS,Rates_FX,50,0.01837991815765938,1.0,0.5470398390941894,0.6829278873659326,True,9
KIM,DMANEMP,Labor_Market,50,0.0316972109017986,0.05,0.9434012166277586,0.675380851639431,True,10
KMB,CPITRNSL,Prices,30,0.02793004515264393,1.0,1.0,1.0,True,1
KMB,ACOGNO,Consumption_Orders_Inventories,30,0.02685293216825719,1.0,0.9614353296423233,0.9730047307496261,True,2
KMB,DNDGRG3M086SBEA,Prices,30,0.026840262092303623,1.0,0.9609816935710487,0.9726871854997341,True,3
KMB,CUSR0000SAC,Prices,30,0.023689204324188105,1.0,0.8481620489591519,0.8937134342714064,True,4
KMB,PPIFCG,Prices,10,0.020023410275252083,1.0,0.716912921759334,0.8018390452315338,True,5
KMB,PPIITM,Prices,10,0.017798376894534996,1.0,0.6372484110663944,0.7460738877464761,True,6
KMB,PPIFGS,Prices,30,0.017781576739026906,1.0,0.6366469027116362,0.7456528318981452,True,7
KMB,NDMANEMP,Labor_Market,60,0.01616504521926175,1.0,0.5787690328073647,0.7051383229651553,True,8
KMB,CPIAPPSL,Prices,30,0.016088553315256007,1.0,0.5760303367691844,0.7032212357384291,True,9
KMB,UEMPMEAN,Labor_Market,30,0.015283484570437085,1.0,0.5472058669045979,0.6830441068332185,True,10
KMX,ANDENO,Consumption_Orders_Inventories,50,0.033208027439643226,1.0,0.7553434713142347,0.8287404299199643,True,1
KMX,DMANEMP,Labor_Market,60,0.028190877036584308,1.0,0.6412243232124694,0.7488570262487285,True,2
KMX,GS5,Rates_FX,10,0.04396414174582594,0.05,1.0,0.715,True,3
KMX,MANEMP,Labor_Market,60,0.02516116130611829,1.0,0.5723109858844714,0.7006176901191299,True,4
KMX,USTRADE,Labor_Market,60,0.02442371308110644,1.0,0.5555371289245123,0.6888759902471586,True,5
KMX,UNRATE,Labor_Market,60,0.022778106291253594,1.0,0.5181064701079079,0.6626745290755355,True,6
KMX,PPIITM,Prices,50,0.02099278916714541,1.0,0.47749798662084686,0.6342485906345927,True,7
KMX,GS10,Rates_FX,10,0.03854752962540608,0.05,0.8767947717088296,0.6287563401961807,True,8
KMX,ISRATIO,Consumption_Orders_Inventories,50,0.02050287608018866,1.0,0.4663545167951619,0.6264481617566133,True,9
KMX,IPMANSICS,Output_Income,60,0.0382304138697664,0.05,0.8695817170909765,0.6237072019636836,True,10
LH,IPFINAL,Output_Income,50,0.03812944165391722,1.0,1.0,1.0,True,1
LH,IPFPNSS,Output_Income,50,0.036888827805443336,1.0,0.9674630995194122,0.9772241696635886,True,2
LH,IPBUSEQ,Output_Income,60,0.03491313194121434,1.0,0.9156476052837126,0.9409533236985987,True,3
LH,IPMANSICS,Output_Income,50,0.03453890639525041,1.0,0.9058329966838647,0.9340830976787053,True,4
LH,MCOILWTICO,Prices,60,0.029509373624583776,1.0,0.7739261931088922,0.8417483351762245,True,5
LH,PPICRM,Prices,50,0.029276733976578474,1.0,0.7678248803722185,0.8374774162605529,True,6
LH,IPB51222S,Output_Income,50,0.02580817987565931,1.0,0.676857010126397,0.7737999070884778,True,7
LH,INDPRO,Output_Income,50,0.025686455822260798,1.0,0.6736646199911481,0.7715652339938037,True,8
LH,DMANEMP,Labor_Market,50,0.024994472202553155,1.0,0.655516344283666,0.7588614409985661,True,9
LH,CES3000000008,Labor_Market,50,0.024401301768218336,1.0,0.6399595879136477,0.7479717115395533,True,10
LNT,DTCTHFNM,Money_Credit,10,0.033043052538205775,1.0,0.9425277700990213,0.9597694390693148,True,1
LNT,EXCAUS,Rates_FX,10,0.025171650596356003,1.0,0.718002057432899,0.8026014402030293,True,2
LNT,AMBSL,Money_Credit,10,0.021917416862300938,1.0,0.6251775321807753,0.7376242725265427,True,3
LNT,M2SL,Money_Credit,10,0.021224258147140403,1.0,0.6054057106346405,0.7237839974442484,True,4
LNT,EXUSUK,Rates_FX,10,0.021223070036882008,1.0,0.6053718206993453,0.7237602744895417,True,5
LNT,NONBORRES,Money_Credit,10,0.020964811194681802,1.0,0.5980051849938255,0.7186036294956778,True,6
LNT,M2REAL,Money_Credit,10,0.02092913569210265,1.0,0.5969875686021737,0.7178912980215215,True,7
LNT,IPFINAL,Output_Income,60,0.03505790872849751,0.05,1.0,0.715,True,8
LNT,TOTRESNS,Money_Credit,10,0.020754564658120027,1.0,0.5920080635400043,0.714405644478003,True,9
LNT,M1SL,Money_Credit,10,0.020692026277264512,1.0,0.5902242041164478,0.7131569428815134,True,10
MHK,USGOVT,Labor_Market,50,0.04475302161205002,1.0,0.7981179994169474,0.8586825995918632,True,1
MHK,DMANEMP,Labor_Market,50,0.043728522339940915,1.0,0.7798472485266952,0.8458930739686865,True,2
MHK,MANEMP,Labor_Market,50,0.04232001360431619,1.0,0.7547281362579626,0.8283096953805738,True,3
MHK,NDMANEMP,Labor_Market,60,0.03857999655567036,1.0,0.6880292896297662,0.7816205027408363,True,4
MHK,USGOOD,Labor_Market,50,0.0354034712056008,1.0,0.6313796609304583,0.7419657626513207,True,5
MHK,UEMPMEAN,Labor_Market,10,0.03402156394989181,1.0,0.6067349550630615,0.724714468544143,True,6
MHK,GS5,Rates_FX,60,0.0560731892336016,0.05,1.0,0.715,True,7
MHK,PPIFGS,Prices,60,0.029974734386313595,1.0,0.5345644646934292,0.6741951252854004,True,8
MHK,MCOILWTICO,Prices,60,0.029913021872262663,1.0,0.5334638939055998,0.6734247257339199,True,9
MHK,CUSR0000SAC,Prices,10,0.02859133895646379,1.0,0.509893218974079,0.6569252532818552,True,10
NDSN,PPIITM,Prices,30,0.040449615187363286,1.0,0.936727936177675,0.9557095553243724,True,1
NDSN,IPMANSICS,Output_Income,60,0.039532676790662906,1.0,0.915493573181521,0.9408455012270647,True,2
NDSN,IPFINAL,Output_Income,60,0.0361912648702456,1.0,0.8381135071998349,0.8866794550398844,True,3
NDSN,IPFPNSS,Output_Income,60,0.03475088332520853,1.0,0.8047573028023083,0.8633301119616157,True,4
NDSN,PPIFCG,Prices,30,0.03369693105655638,1.0,0.7803499869633004,0.8462449908743102,True,5
NDSN,IPBUSEQ,Output_Income,60,0.033055055961706006,1.0,0.765485510994914,0.8358398576964399,True,6
NDSN,INDPRO,Output_Income,60,0.03274481379375003,1.0,0.7583009554840997,0.8308106688388697,True,7
NDSN,CES0600000007,Labor_Market,60,0.030994561040854008,1.0,0.7177687862306878,0.8024381503614815,True,8
NDSN,AWOTMAN,Labor_Market,50,0.030888804093530713,1.0,0.7153196779624453,0.8007237745737117,True,9
NDSN,IPDMAT,Output_Income,50,0.0307678355757888,1.0,0.7125183017455894,0.7987628112219125,True,10
NTRS,BAA,Rates_FX,10,0.03792103057205014,1.0,1.0,1.0,True,1
NTRS,GS10,Rates_FX,50,0.037495670551330254,1.0,0.9887830047257894,0.9921481033080526,True,2
NTRS,AAA,Rates_FX,30,0.03595221215226734,1.0,0.9480810940503837,0.9636567658352686,True,3
NTRS,GS5,Rates_FX,50,0.03270968965181879,1.0,0.8625738583151168,0.9038017008205816,True,4
NTRS,TOTRESNS,Money_Credit,50,0.02632167043573801,1.0,0.6941180141643754,0.7858826099150626,True,5
NTRS,NONBORRES,Money_Credit,50,0.025852874605456717,1.0,0.6817555909071652,0.7772289136350157,True,6
NTRS,EXSZUS,Rates_FX,10,0.02469601647767938,1.0,0.6512485579936134,0.7558739905955293,True,7
NTRS,AMBSL,Money_Credit,10,0.024468177964282658,1.0,0.6452403216677617,0.7516682251674331,True,8
NTRS,INVEST,Money_Credit,10,0.024068009441219455,1.0,0.6346876410832275,0.7442813487582591,True,9
NTRS,MZMSL,Money_Credit,50,0.023985546214047585,1.0,0.632513037019786,0.7427591259138502,True,10
NVR,RSAFS,Consumption_Orders_Inventories,30,0.03367076239701776,1.0,0.9861924961411008,0.9903347472987705,True,1
NVR,DPCERA3M086SBEA,Consumption_Orders_Inventories,30,0.03215497135380323,1.0,0.9417960629712816,0.959257244079897,True,2
NVR,CMRMTSPL,Consumption_Orders_Inventories,30,0.03210521418492185,1.0,0.9403387111595986,0.958237097811719,True,3
NVR,CLF16OV,Labor_Market,30,0.030652045693224002,1.0,0.897776447637225,0.9284435133460573,True,4
NVR,SRVPRD,Labor_Market,10,0.030055554728140473,1.0,0.8803056548216325,0.9162139583751427,True,5
NVR,USTPU,Labor_Market,10,0.027931164124295096,1.0,0.8180837767518169,0.8726586437262718,True,6
NVR,PAYEMS,Labor_Market,30,0.02787719477445568,1.0,0.8165030531790723,0.8715521372253505,True,7
NVR,CPIAUCSL,Prices,50,0.027442205039767045,1.0,0.8037625156411894,0.8626337609488326,True,8
NVR,CPIMEDSL,Prices,50,0.027438551446031547,1.0,0.803655504499493,0.8625588531496451,True,9
NVR,CES0600000008,Labor_Market,50,0.027424494711144436,1.0,0.8032437928102102,0.862270654967147,True,10
PKG,DMANEMP,Labor_Market,60,0.031796748519224295,1.0,0.990227909858038,0.9931595369006265,True,1
PKG,IPFPNSS,Output_Income,60,0.03117026936242518,1.0,0.970717828642289,0.9795024800496022,True,2
PKG,IPCONGD,Output_Income,60,0.030629868996409838,1.0,0.9538884498584062,0.9677219149008842,True,3
PKG,INDPRO,Output_Income,60,0.030323541979311138,1.0,0.9443486831841092,0.9610440782288765,True,4
PKG,USGOOD,Labor_Market,60,0.027384212718732905,1.0,0.8528108371578967,0.8969675860105277,True,5
PKG,CUMFNS,Output_Income,60,0.0273206002381657,1.0,0.8508297901450279,0.8955808531015195,True,6
PKG,IPFINAL,Output_Income,60,0.0272926734296372,1.0,0.8499600815576401,0.8949720570903481,True,7
PKG,MANEMP,Labor_Market,60,0.027268382854111112,1.0,0.849203614089971,0.8944425298629797,True,8
PKG,NDMANEMP,Labor_Market,60,0.027070949875977884,1.0,0.8430550720415376,0.8901385504290762,True,9
PKG,IPMANSICS,Output_Income,60,0.026253451326613542,1.0,0.8175961833957505,0.8723173283770254,True,10
PODD,IPNMAT,Output_Income,60,0.03885683578588058,1.0,0.910689646659112,0.9374827526613783,True,1
PODD,IPFINAL,Output_Income,30,0.03672558718498852,1.0,0.8607394642514548,0.9025176249760183,True,2
PODD,PPICRM,Prices,30,0.035525786318388715,1.0,0.8326196700076294,0.8828337690053405,True,3
PODD,DDURRG3M086SBEA,Prices,10,0.034117893410443016,1.0,0.799622811953201,0.8597359683672405,True,4
PODD,IPNCONGD,Output_Income,10,0.03403429301849501,1.0,0.797663465293498,0.8583644257054486,True,5
PODD,IPFPNSS,Output_Income,10,0.03255717547321384,1.0,0.763044185875103,0.8341309301125721,True,6
PODD,CUUR0000SAD,Prices,60,0.031377595088937456,1.0,0.7353983001091544,0.814778810076408,True,7
PODD,IPMANSICS,Output_Income,50,0.030481505415279574,1.0,0.7143966006198998,0.8000776204339299,True,8
PODD,MCOILWTICO,Prices,60,0.02982145094108943,1.0,0.6989268701665928,0.789248809116615,True,9
PODD,CPIMEDSL,Prices,10,0.029315155231436792,1.0,0.687060791737836,0.7809425542164852,True,10
REG,GS1,Rates_FX,60,0.024956648027175718,1.0,0.9167030514446354,0.9416921360112447,True,1
REG,TB3MS,Rates_FX,60,0.0234482889451464,1.0,0.8612982802724475,0.9029087961907132,True,2
REG,TB6MS,Rates_FX,60,0.023236772063259813,1.0,0.853528880678145,0.8974702164747015,True,3
REG,FEDFUNDS,Rates_FX,60,0.020451222150710997,1.0,0.7512105684591217,0.8258473979213852,True,4
REG,EXSZUS,Rates_FX,60,0.01986588085601281,1.0,0.7297099185961239,0.8107969430172868,True,5
REG,EXUSUK,Rates_FX,30,0.018716999313000287,1.0,0.6875094109365547,0.7812565876555883,True,6
REG,CPF3M,Rates_FX,10,0.01764706285190345,1.0,0.648208699652278,0.7537460897565946,True,7
REG,UEMPMEAN,Labor_Market,10,0.027224353609215605,0.05,1.0,0.715,True,8
REG,BUSLOANS,Money_Credit,30,0.012243850525030745,1.0,0.44973888823153285,0.614817221762073,True,9
REG,HOUSTW,Housing,50,0.01184554914631994,1.0,0.4351085545079811,0.6045759881555868,True,10
RHI,IPNCONGD,Output_Income,10,0.0334649955722631,1.0,0.8189695537071454,0.8732786875950018,True,1
RHI,USGOVT,Labor_Market,60,0.029887198504612363,1.0,0.7314121876402205,0.8119885313481543,True,2
RHI,IPFINAL,Output_Income,60,0.029796395839962745,1.0,0.7291900263498378,0.8104330184448865,True,3
RHI,CLF16OV,Labor_Market,10,0.02883555411512801,1.0,0.7056759004665127,0.7939731303265589,True,4
RHI,CES0600000007,Labor_Market,30,0.028273148584629784,1.0,0.691912473983459,0.7843387317884213,True,5
RHI,CES2000000008,Labor_Market,10,0.028189092621903354,1.0,0.6898554208417116,0.7828987945891981,True,6
RHI,CPIMEDSL,Prices,10,0.02806841490424271,1.0,0.6869021445933545,0.7808315012153482,True,7
RHI,CUSR0000SAS,Prices,10,0.027389237521978,1.0,0.6702810278673648,0.7691967195071553,True,8
RHI,CES0600000008,Labor_Market,10,0.0273714791335388,1.0,0.6698464370596892,0.7688925059417824,True,9
RHI,IPFPNSS,Output_Income,60,0.027042771058212026,1.0,0.6618021537377626,0.7632615076164337,True,10
STLD,MCOILWTICO,Prices,60,0.0489578587125299,1.0,1.0,1.0,True,1
STLD,IPFINAL,Output_Income,60,0.041013878424611266,1.0,0.8377384040718775,0.8864168828503143,True,2
STLD,PPIITM,Prices,10,0.03919854497922708,1.0,0.8006588933840545,0.8604612253688382,True,3
STLD,PPICRM,Prices,30,0.03836077820935411,1.0,0.7835468955985271,0.8484828269189688,True,4
STLD,IPMANSICS,Output_Income,60,0.0371863508134318,1.0,0.7595583587873423,0.8316908511511396,True,5
STLD,IPFPNSS,Output_Income,60,0.03591180632149594,1.0,0.7335248572116359,0.813467400048145,True,6
STLD,INDPRO,Output_Income,60,0.031162238047258446,1.0,0.6365114583592484,0.7455580208514738,True,7
STLD,PPICMM,Prices,60,0.030015154233973752,1.0,0.6130814341823309,0.7291570039276316,True,8
STLD,IPBUSEQ,Output_Income,60,0.029416793523116217,1.0,0.6008594799017937,0.7206016359312555,True,9
STLD,CPITRNSL,Prices,60,0.028840262370217404,1.0,0.5890834102766068,0.7123583871936248,True,10
TECH,PPICRM,Prices,60,0.04493367788956493,1.0,1.0,1.0,True,1
TECH,CES3000000008,Labor_Market,60,0.04365086285635429,1.0,0.9714509229277102,0.9800156460493972,True,2
TECH,CPIMEDSL,Prices,60,0.043455784300319746,1.0,0.9671094453279019,0.9769766117295313,True,3
TECH,CES0600000008,Labor_Market,60,0.04327693009145831,1.0,0.9631290409349873,0.9741903286544911,True,4
TECH,CUSR0000SAS,Prices,60,0.04309606293453693,1.0,0.9591038383382645,0.9713726868367851,True,5
TECH,CES2000000008,Labor_Market,60,0.04245800051385533,1.0,0.9449037449862404,0.9614326214903683,True,6
TECH,DSERRG3M086SBEA,Prices,60,0.04233917075769276,1.0,0.9422591861220713,0.9595814302854497,True,7
TECH,PCEPI,Prices,60,0.03975749630012566,1.0,0.8848039636959842,0.9193627745871888,True,8
TECH,W875RX1,Output_Income,10,0.03964529917018475,1.0,0.882307014075776,0.9176149098530433,True,9
TECH,RPI,Output_Income,50,0.039397660398625085,1.0,0.8767958077114029,0.9137570653979818,True,10
TFX,IPFUELS,Output_Income,30,0.03596047763750582,1.0,1.0,1.0,True,1
TFX,CPIAPPSL,Prices,10,0.026870797649065678,1.0,0.7472313888578653,0.8230619722005057,True,2
TFX,PPICMM,Prices,60,0.025918505623770384,1.0,0.7207497599180406,0.8045248319426284,True,3
TFX,SRVPRD,Labor_Market,10,0.025703496583092143,1.0,0.7147707225191048,0.8003395057633733,True,4
TFX,DDURRG3M086SBEA,Prices,10,0.025572090499581552,1.0,0.711116541814521,0.7977815792701646,True,5
TFX,CLF16OV,Labor_Market,10,0.025468326569344772,1.0,0.708231042592771,0.7957617298149398,True,6
TFX,AWOTMAN,Labor_Market,30,0.024019516022494025,1.0,0.6679420742021044,0.767559451941473,True,7
TFX,IPDMAT,Output_Income,10,0.02359644419668,1.0,0.6561771630104696,0.7593240141073286,True,8
TFX,CUUR0000SAD,Prices,60,0.022381308771215573,1.0,0.6223863041205122,0.7356704128843585,True,9
TFX,CE16OV,Labor_Market,10,0.022377010659430024,1.0,0.6222667809086996,0.7355867466360897,True,10
TRMB,IPFPNSS,Output_Income,50,0.06017450986490859,1.0,0.9741585254747188,0.981910967832303,True,1
TRMB,IPFINAL,Output_Income,60,0.05948156983756155,1.0,0.9629405955439517,0.9740584168807662,True,2
TRMB,IPMANSICS,Output_Income,60,0.055196928379317715,1.0,0.8935770059688792,0.9255039041782154,True,3
TRMB,IPBUSEQ,Output_Income,60,0.05243961701199832,1.0,0.8489391953428729,0.8942574367400109,True,4
TRMB,MCOILWTICO,Prices,60,0.05063439182049558,1.0,0.8197146031583729,0.873800222210861,True,5
TRMB,PPICRM,Prices,30,0.04771767231103819,1.0,0.7724961516423545,0.8407473061496482,True,6
TRMB,PPIITM,Prices,60,0.04572279214532601,1.0,0.7402012559283437,0.8181408791498406,True,7
TRMB,INDPRO,Output_Income,60,0.0426680856462201,1.0,0.690748948205229,0.7835242637436604,True,8
TRMB,IPCONGD,Output_Income,60,0.04207352877080516,1.0,0.6811237323062487,0.7767866126143741,True,9
TRMB,DMANEMP,Labor_Market,50,0.041214158627356126,1.0,0.667211483520862,0.7670480384646033,True,10
TRV,GS5,Rates_FX,50,0.028059804251495034,1.0,1.0,1.0,True,1
TRV,GS10,Rates_FX,60,0.026689692888692038,1.0,0.9511717419507659,0.9658202193655361,True,2
TRV,AAA,Rates_FX,10,0.024318036149221078,1.0,0.8666502421493338,0.9066551695045337,True,3
TRV,GS1,Rates_FX,10,0.02387943797474883,1.0,0.851019407003758,0.8957135849026305,True,4
TRV,MZMSL,Money_Credit,10,0.02360267569358186,1.0,0.8411561065086297,0.8888092745560408,True,5
TRV,INVEST,Money_Credit,10,0.023174036576435242,1.0,0.8258801939147713,0.8781161357403398,True,6
TRV,M2REAL,Money_Credit,10,0.022694391546711944,1.0,0.8087865240721621,0.8661505668505134,True,7
TRV,M2SL,Money_Credit,10,0.02188915616923389,1.0,0.7800894109255103,0.8460625876478571,True,8
TRV,M1SL,Money_Credit,10,0.021662393471398693,1.0,0.7720080039490836,0.8404056027643585,True,9
TRV,BAA,Rates_FX,10,0.02160607715139172,1.0,0.7700009935115831,0.8390006954581082,True,10
UHS,USGOVT,Labor_Market,60,0.027625099494878146,1.0,1.0,1.0,True,1
UHS,IPB51222S,Output_Income,60,0.022201224964435246,1.0,0.8036613576197792,0.8625629503338454,True,2
UHS,UNRATE,Labor_Market,60,0.020256880125921792,1.0,0.7332780875477946,0.8132946612834562,True,3
UHS,CUMFNS,Output_Income,60,0.019996123933458048,1.0,0.7238389833551712,0.8066872883486198,True,4
UHS,PPICMM,Prices,60,0.018721506700956743,1.0,0.6776991592167051,0.7743894114516936,True,5
UHS,USTPU,Labor_Market,60,0.01847980494731103,1.0,0.6689498059812343,0.7682648641868639,True,6
UHS,CE16OV,Labor_Market,60,0.01783766355800647,1.0,0.6457049525310733,0.7519934667717513,True,7
UHS,NDMANEMP,Labor_Market,60,0.017155729604451546,1.0,0.6210196494543782,0.7347137546180647,True,8
UHS,USCONS,Labor_Market,60,0.01706783144964298,1.0,0.6178378272558785,0.732486479079115,True,9
UHS,MANEMP,Labor_Market,60,0.017042187687116402,1.0,0.6169095496027489,0.7318366847219242,True,10
WRB,INVEST,Money_Credit,50,0.03726375952006998,1.0,0.9310776192738441,0.9517543334916909,True,1
WRB,MZMSL,Money_Credit,50,0.03667272392429981,1.0,0.9163099194361667,0.9414169436053166,True,2
WRB,M1SL,Money_Credit,50,0.035926579693347394,1.0,0.8976666530793216,0.9283666571555251,True,3
WRB,M2REAL,Money_Credit,50,0.03591565233575246,1.0,0.8973936205612536,0.9281755343928775,True,4
WRB,M2SL,Money_Credit,50,0.03577944943690659,1.0,0.8939904354712654,0.9257933048298859,True,5
WRB,AAA,Rates_FX,50,0.03398487509035855,1.0,0.8491509444560356,0.8944056611192248,True,6
WRB,NONREVSL,Money_Credit,50,0.03369561325471938,1.0,0.8419234069036678,0.8893463848325673,True,7
WRB,BAA,Rates_FX,50,0.03278023669892659,1.0,0.8190516774999933,0.8733361742499952,True,8
WRB,EXUSUK,Rates_FX,10,0.0319336518296102,1.0,0.7978987870029456,0.8585291509020618,True,9
WRB,DTCOLNVHFNM,Money_Credit,10,0.02707186416674373,1.0,0.6764214658507787,0.7734950260955451,True,10
